<?xml version="1.0" encoding="UTF-8"?>

<Bundle xmlns="http://hl7.org/fhir">
  <id value="bundle-53"/>
  <type value="collection"/>
  <entry>
    <fullUrl value="http://cqframework.org/cpg-example-anthrax/Patient/patient-1"/>
    <resource>
      <Patient>
        <id value="patient-1"/>
        <text>
          <status value="generated"/><div xmlns="http://www.w3.org/1999/xhtml"><a name="Patient_patient-1"> </a><p class="res-header-id"><b>Generated Narrative: Patient patient-1</b></p><a name="patient-1"> </a><a name="hcpatient-1"> </a><a name="patient-1-en-US"> </a><p style="border: 1px #661aff solid; background-color: #e6e6ff; padding: 10px;">John Smith  Male, DoB: 2000-01-01</p><hr/></div>
        </text>
        <name>
          <family value="Smith"/>
          <given value="John"/>
        </name>
        <gender value="male"/>
        <birthDate value="2000-01-01"/>
      </Patient>
    </resource>
  </entry>
  <entry>
    <fullUrl value="http://cqframework.org/cpg-example-anthrax/Condition/condition-10"/>
    <resource>
      <Condition>
        <id value="condition-10"/>
        <text>
          <status value="generated"/><div xmlns="http://www.w3.org/1999/xhtml"><a name="Condition_condition-10"> </a><p class="res-header-id"><b>Generated Narrative: Condition condition-10</b></p><a name="condition-10"> </a><a name="hccondition-10"> </a><a name="condition-10-en-US"> </a><p><b>clinicalStatus</b>: <span title="Codes:{http://terminology.hl7.org/CodeSystem/condition-clinical active}">Active</span></p><p><b>verificationStatus</b>: <span title="Codes:{http://terminology.hl7.org/CodeSystem/condition-ver-status confirmed}">Confirmed</span></p><p><b>code</b>: <span title="Codes:{http://hl7.org/fhir/sid/icd-10-cm Z20.810}">Contact with and (suspected) exposure to anthrax</span></p><p><b>subject</b>: <a href="Patient-patient-1.html">John Smith  Male, DoB: 2000-01-01</a></p><p><b>onset</b>: 2019-05-20 15:00:00+0000</p></div>
        </text>
        <clinicalStatus>
          <coding>
            <system value="http://terminology.hl7.org/CodeSystem/condition-clinical"/>
            <code value="active"/>
          </coding>
        </clinicalStatus>
        <verificationStatus>
          <coding>
            <system value="http://terminology.hl7.org/CodeSystem/condition-ver-status"/>
            <code value="confirmed"/>
          </coding>
        </verificationStatus>
        <code>
          <coding>
            <system value="http://hl7.org/fhir/sid/icd-10-cm"/>
            <code value="Z20.810"/>
            <display value="Contact with and (suspected) exposure to anthrax"/>
          </coding>
          <text value="Contact with and (suspected) exposure to anthrax"/>
        </code>
        <subject>
          <reference value="Patient/patient-1"/>
        </subject>
        <onsetDateTime value="2019-05-20T15:00:00.000Z"/>
      </Condition>
    </resource>
  </entry>
  <entry>
    <fullUrl value="http://cqframework.org/cpg-example-anthrax/Observation/observation-20"/>
    <resource>
      <Observation>
        <id value="observation-20"/>
        <text>
          <status value="generated"/><div xmlns="http://www.w3.org/1999/xhtml"><a name="Observation_observation-20"> </a><p class="res-header-id"><b>Generated Narrative: Observation observation-20</b></p><a name="observation-20"> </a><a name="hcobservation-20"> </a><a name="observation-20-en-US"> </a><p><b>status</b>: Final</p><p><b>code</b>: <span title="Codes:{http://snomed.info/sct 84387000}">Asymptomatic (finding)</span></p><p><b>subject</b>: <a href="Patient-patient-1.html">John Smith  Male, DoB: 2000-01-01</a></p><p><b>effective</b>: 2019-05-20 15:00:00+0000</p><p><b>issued</b>: 2018-07-19 00:00:00+0000</p></div>
        </text>
        <status value="final"/>
        <code>
          <coding>
            <system value="http://snomed.info/sct"/>
            <code value="84387000"/>
            <display value="Asymptomatic (finding)"/>
          </coding>
          <text value="Asymptomatic (finding)"/>
        </code>
        <subject>
          <reference value="Patient/patient-1"/>
        </subject>
        <effectiveDateTime value="2019-05-20T15:00:00.000Z"/>
        <issued value="2018-07-19T00:00:00.000Z"/>
      </Observation>
    </resource>
  </entry>
  <entry>
    <fullUrl value="http://cqframework.org/cpg-example-anthrax/Procedure/procedure-3"/>
    <resource>
      <Procedure>
        <id value="procedure-3"/>
        <text>
          <status value="generated"/><div xmlns="http://www.w3.org/1999/xhtml"><a name="Procedure_procedure-3"> </a><p class="res-header-id"><b>Generated Narrative: Procedure procedure-3</b></p><a name="procedure-3"> </a><a name="hcprocedure-3"> </a><a name="procedure-3-en-US"> </a><p><b>status</b>: Completed</p><p><b>code</b>: <span title="Codes:{http://snomed.info/sct 170338000}">First anthrax vaccination</span></p><p><b>subject</b>: <a href="Patient-patient-1.html">John Smith  Male, DoB: 2000-01-01</a></p><p><b>performed</b>: 2019-05-20 15:00:00+0000</p></div>
        </text>
        <status value="completed"/>
        <code>
          <coding>
            <system value="http://snomed.info/sct"/>
            <code value="170338000"/>
            <display value="First anthrax vaccination"/>
          </coding>
          <text value="First anthrax vaccination"/>
        </code>
        <subject>
          <reference value="Patient/patient-1"/>
        </subject>
        <performedDateTime value="2019-05-20T15:00:00.000Z"/>
      </Procedure>
    </resource>
  </entry>
</Bundle>