<?xml version="1.0" encoding="UTF-8"?>

<Flag xmlns="http://hl7.org/fhir">
  <id value="no-asymptomatic-observation-flag"/>
  <text>
    <status value="extensions"/><div xmlns="http://www.w3.org/1999/xhtml"><p class="res-header-id"><b>Generated Narrative: Flag no-asymptomatic-observation-flag</b></p><a name="no-asymptomatic-observation-flag"> </a><a name="hcno-asymptomatic-observation-flag"> </a><a name="no-asymptomatic-observation-flag-en-US"> </a><p><b>Flag details</b>: <a href="Condition-condition-1.html">Condition Contact with and (suspected) exposure to anthrax</a></p><p><b>status</b>: Active</p><p><b>code</b>: <span title="Codes:{http://snomed.info/sct 223447008}">Recommendation to document signs and symptoms (procedure)</span></p><p><b>subject</b>: <a href="Patient-patient-1.html">John Smith  Male, DoB: 2000-01-01</a></p><p><b>author</b>: <a href="Device-anthrax-example-device.html">Device: identifier = Anthrax_Post_Exposure_Prophylaxis_FHIRv400.cql; manufacturer = Centers for Disease Control and Prevention; type = Clinical data collection/management information system application software (physical object); url = http://hl7.org/fhir/uv/cpg/anthrax/Device/anthrax-example-device</a></p></div>
  </text>
  <extension url="http://hl7.org/fhir/StructureDefinition/flag-detail">
    <valueReference>
      <reference value="Condition/condition-1"/>
    </valueReference>
  </extension>
  <status value="active"/>
  <code>
    <coding>
      <system value="http://snomed.info/sct"/>
      <code value="223447008"/>
      <display value="Recommendation to document signs and symptoms (procedure)"/>
    </coding>
  </code>
  <subject>
    <reference value="Patient/patient-1"/>
  </subject>
  <author>
    <reference value="Device/anthrax-example-device"/>
  </author>
</Flag>