<?xml version="1.0" encoding="UTF-8"?>

<MedicationRequest xmlns="http://hl7.org/fhir">
  <id value="6"/>
  <text>
    <status value="generated"/><div xmlns="http://www.w3.org/1999/xhtml"><p class="res-header-id"><b>Generated Narrative: MedicationRequest 6</b></p><a name="6"> </a><a name="hc6"> </a><a name="6-en-US"> </a><p><b>status</b>: Active</p><p><b>intent</b>: Proposal</p><p><b>medication</b>: <span title="Codes:{http://www.nlm.nih.gov/research/umls/rxnorm 311787}">moxifloxacin HCl 400 MG Oral Tablet</span></p><p><b>subject</b>: <a href="Patient-patient-1.html">John Smith  Male, DoB: 2000-01-01</a></p></div>
  </text>
  <status value="active"/>
  <intent value="proposal"/>
  <medicationCodeableConcept>
    <coding>
      <system value="http://www.nlm.nih.gov/research/umls/rxnorm"/>
      <code value="311787"/>
      <display value="moxifloxacin HCl 400 MG Oral Tablet"/>
    </coding>
    <text value="moxifloxacin HCl 400 MG Oral Tablet"/>
  </medicationCodeableConcept>
  <subject>
    <reference value="Patient/patient-1"/>
  </subject>
</MedicationRequest>