<?xml version="1.0" encoding="UTF-8"?>

<MedicationStatement xmlns="http://hl7.org/fhir">
  <id value="medication-statement-1"/>
  <text>
    <status value="generated"/><div xmlns="http://www.w3.org/1999/xhtml"><p class="res-header-id"><b>Generated Narrative: MedicationStatement medication-statement-1</b></p><a name="medication-statement-1"> </a><a name="hcmedication-statement-1"> </a><a name="medication-statement-1-en-US"> </a><p><b>status</b>: Active</p><p><b>medication</b>: <span title="Codes:{http://www.nlm.nih.gov/research/umls/rxnorm 309309}">Ciprofloxacin 500 MG Oral Tablet</span></p><p><b>subject</b>: <a href="Patient-patient-1.html">John Smith  Male, DoB: 2000-01-01</a></p><p><b>effective</b>: 2019-05-03 15:00:00+0000</p></div>
  </text>
  <status value="active"/>
  <medicationCodeableConcept>
    <coding>
      <system value="http://www.nlm.nih.gov/research/umls/rxnorm"/>
      <code value="309309"/>
      <display value="Ciprofloxacin 500 MG Oral Tablet"/>
    </coding>
    <text value="Ciprofloxacin 500 MG Oral Tablet"/>
  </medicationCodeableConcept>
  <subject>
    <reference value="Patient/patient-1"/>
  </subject>
  <effectiveDateTime value="2019-05-03T15:00:00.000Z"/>
</MedicationStatement>