<?xml version="1.0" encoding="UTF-8"?>

<Patient xmlns="http://hl7.org/fhir">
  <id value="patient-2"/>
  <text>
    <status value="generated"/><div xmlns="http://www.w3.org/1999/xhtml"><p class="res-header-id"><b>Generated Narrative: Patient patient-2</b></p><a name="patient-2"> </a><a name="hcpatient-2"> </a><a name="patient-2-en-US"> </a><p style="border: 1px #661aff solid; background-color: #e6e6ff; padding: 10px;">John Smith  Male, DoB: 2010-01-01</p><hr/></div>
  </text>
  <name>
    <family value="Smith"/>
    <given value="John"/>
  </name>
  <gender value="male"/>
  <birthDate value="2010-01-01"/>
</Patient>