<?xml version="1.0" encoding="UTF-8"?>

<Patient xmlns="http://hl7.org/fhir">
  <id value="patient-3"/>
  <text>
    <status value="generated"/><div xmlns="http://www.w3.org/1999/xhtml"><p class="res-header-id"><b>Generated Narrative: Patient patient-3</b></p><a name="patient-3"> </a><a name="hcpatient-3"> </a><a name="patient-3-en-US"> </a><p style="border: 1px #661aff solid; background-color: #e6e6ff; padding: 10px;">Jane Smith  Female, DoB: 2000-01-01</p><hr/></div>
  </text>
  <name>
    <family value="Smith"/>
    <given value="Jane"/>
  </name>
  <gender value="female"/>
  <birthDate value="2000-01-01"/>
</Patient>