<?xml version="1.0" encoding="UTF-8"?>

<PlanDefinition xmlns="http://hl7.org/fhir">
  <id value="third-vaccinedose-notpregnant-pd"/>
  <text>
    <status value="generated"/><div xmlns="http://www.w3.org/1999/xhtml"><p class="res-header-id"><b>Generated Narrative: PlanDefinition third-vaccinedose-notpregnant-pd</b></p><a name="third-vaccinedose-notpregnant-pd"> </a><a name="hcthird-vaccinedose-notpregnant-pd"> </a><a name="third-vaccinedose-notpregnant-pd-en-US"> </a><p><b>url</b>: <a href="PlanDefinition-third-vaccinedose-notpregnant-pd.html">PlanDefinition Third vaccine not pregnant</a></p><p><b>identifier</b>: Anthrax_Post_Exposure_Prophylaxis_FHIRv102_CQL_v110/OrderSet</p><p><b>version</b>: 1.1.0</p><p><b>name</b>: Anthrax_Post_Exposure_Prophylaxis_Adults</p><p><b>title</b>: Third vaccine not pregnant</p><p><b>type</b>: <span title="Codes:{http://terminology.hl7.org/CodeSystem/plan-definition-type eca-rule}, {http://terminology.hl7.org/CodeSystem/plan-definition-type order-set}">ECA Rule</span></p><p><b>status</b>: Draft</p><p><b>experimental</b>: true</p><p><b>date</b>: 2024-11-18 16:43:41+0000</p><p><b>publisher</b>: HL7 International - Clinical Decision Support WG</p><p><b>contact</b>: HL7 International - Clinical Decision Support WG: <a href="http://www.hl7.org/Special/committees/dss/index.cfm">http://www.hl7.org/Special/committees/dss/index.cfm</a></p><p><b>description</b>: </p><div><p>Provides information for treating patients greater than or equal to 18 years old exposed to anthrax within the past 60 days, who do not have anthrax. It is divided into two parts: \n- Part #1: For patients that may be symptomatic to flag the need to conduct a full diagnostic evaluation to rule out anthrax before proceeding with post-exposure prophylaxis (PEP) \n- Part #2: For patients  who are  asymptomatic (not displaying signs and symptoms of anthrax), it provides recommended PEP regimen</p>
</div><h3>UseContexts</h3><table class="grid"><tr><td style="display: none">-</td><td><b>Code</b></td><td><b>Value[x]</b></td></tr><tr><td style="display: none">*</td><td><a href="http://terminology.hl7.org/6.0.2/CodeSystem-usage-context-type.html#usage-context-type-age">UsageContextType age</a>: Age Range</td><td>18-?</td></tr><tr><td style="display: none">*</td><td><a href="http://terminology.hl7.org/6.0.2/CodeSystem-usage-context-type.html#usage-context-type-venue">UsageContextType venue</a>: Clinical Venue</td><td><span title="Codes:{http://snomed.info/sct 440655000}">Outpatient environment</span></td></tr><tr><td style="display: none">*</td><td><a href="http://terminology.hl7.org/6.0.2/CodeSystem-usage-context-type.html#usage-context-type-focus">UsageContextType focus</a>: Clinical Focus</td><td><span title="Codes:{http://hl7.org/fhir/sid/icd-10-cm Z20.810}">Contact with and (suspected) exposure to anthrax</span></td></tr><tr><td style="display: none">*</td><td><a href="http://terminology.hl7.org/6.0.2/CodeSystem-usage-context-type.html#usage-context-type-focus">UsageContextType focus</a>: Clinical Focus</td><td><span title="Codes:{http://snomed.info/sct 170475009}">Exposure to Bacillus anthracis (event)</span></td></tr><tr><td style="display: none">*</td><td><a href="http://terminology.hl7.org/6.0.2/CodeSystem-usage-context-type.html#usage-context-type-focus">UsageContextType focus</a>: Clinical Focus</td><td><span title="Codes:{http://snomed.info/sct 84387000}">Asymptomatic (finding)</span></td></tr></table><p><b>jurisdiction</b>: <span title="Codes:{http://unstats.un.org/unsd/methods/m49/m49.htm 001}">World</span></p><p><b>purpose</b>: </p><div><p>Provides clinicians with information for quickly assessing individuals exposed to anthrax unrelated to occupational exposure, for example in bioterrorism events, and provides the recommended post-exposure prophylaxis (PEP) regimen for asymptomatic patients. Includes immediate treatment with antimicrobials and vaccine and follow-up administration of subsequent vaccines to complete the recommended 3-dose vaccination series.</p>
</div><p><b>usage</b>: Intended for use by clinicians caring for individuals ≥18 years of age in an outpatient setting.</p><p><b>approvalDate</b>: 2019-06-07</p><p><b>lastReviewDate</b>: 2019-06-07</p><p><b>effectivePeriod</b>: 2019-06-07 --&gt; (ongoing)</p><p><b>topic</b>: <span title="Codes:">Anthrax</span>, <span title="Codes:">Emergency Medicine</span>, <span title="Codes:">Post-Exposure Prophylaxis</span></p><p><b>author</b>: Alliance to Modernize Healthcare FFRDC: </p><p><b>endorser</b>: Centers for Disease Control and Prevention: </p><p><b>library</b>: <a href="Library-anthrax-post-exposure-prophylaxis-library.html">Anthrax Post Exposure Prophylaxis (PEP) for Adults FHIRv400 Logic</a></p><blockquote><p><b>action</b></p><p><b>title</b>: Anthrax Post Exposure Prophylaxis 14</p><blockquote><p><b>trigger</b></p><p><b>type</b>: Data Added</p><blockquote><p><b>data</b></p><p><b>type</b>: Condition</p><blockquote><p><b>codeFilter</b></p><p><b>path</b>: code</p><p><b>code</b>: <a href="http://terminology.hl7.org/6.0.2/CodeSystem-icd10CM.html#icd10CM-Z20.46810">International Classification of Diseases, 10th Revision, Clinical Modification (ICD-10-CM) Z20.810</a>: Contact with and (suspected) exposure to anthrax, <a href="http://snomed.info/id/170475009">SNOMED CT 170475009</a>: Exposure to Bacillus anthracis (event)</p></blockquote></blockquote></blockquote><blockquote><p><b>trigger</b></p><p><b>type</b>: Data Added</p><blockquote><p><b>data</b></p><p><b>type</b>: Observation</p><blockquote><p><b>codeFilter</b></p><p><b>path</b>: code</p><p><b>code</b>: <a href="http://terminology.hl7.org/6.0.2/CodeSystem-icd10CM.html#icd10CM-Z20.46810">International Classification of Diseases, 10th Revision, Clinical Modification (ICD-10-CM) Z20.810</a>: Contact with and (suspected) exposure to anthrax, <a href="http://snomed.info/id/170475009">SNOMED CT 170475009</a>: Exposure to Bacillus anthracis (event), <a href="http://snomed.info/id/84387000">SNOMED CT 84387000</a>: Asymptomatic (finding)</p></blockquote></blockquote></blockquote><blockquote><p><b>condition</b></p><p><b>kind</b>: Applicability</p><h3>Expressions</h3><table class="grid"><tr><td style="display: none">-</td><td><b>Language</b></td><td><b>Expression</b></td></tr><tr><td style="display: none">*</td><td>CQL</td><td>GenerateOrderSet</td></tr></table></blockquote><p><b>groupingBehavior</b>: Logical Group</p><p><b>selectionBehavior</b>: Any</p><blockquote><p><b>action</b></p><p><b>title</b>: Antimicrobial medications for anthrax post-exposure prophylaxis</p><p><b>groupingBehavior</b>: Visual Group</p><p><b>selectionBehavior</b>: At Most One</p><blockquote><p><b>action</b></p><p><b>title</b>: First line antimicrobial medications for anthrax post-exposure prophylaxis</p><p><b>groupingBehavior</b>: Visual Group</p><p><b>selectionBehavior</b>: At Most One</p><h3>Actions</h3><table class="grid"><tr><td style="display: none">-</td><td><b>Type</b></td><td><b>Definition[x]</b></td></tr><tr><td style="display: none">*</td><td><span title="Codes:{http://terminology.hl7.org/CodeSystem/action-type create}">Create</span></td><td><a href="#hcthird-vaccinedose-notpregnant-pd/CiprofloxacinRequest">ActivityDefinition Ciprofloxacin Request</a></td></tr><tr><td style="display: none">*</td><td><span title="Codes:{http://terminology.hl7.org/CodeSystem/action-type create}">Create</span></td><td><a href="#hcthird-vaccinedose-notpregnant-pd/DoxycyclineRequest">ActivityDefinition Doxycycline Request</a></td></tr></table></blockquote><blockquote><p><b>action</b></p><p><b>title</b>: Second line antimicrobial medications for anthrax post-exposure prophylaxis</p><p><b>groupingBehavior</b>: Visual Group</p><p><b>selectionBehavior</b>: At Most One</p><h3>Actions</h3><table class="grid"><tr><td style="display: none">-</td><td><b>Type</b></td><td><b>Definition[x]</b></td></tr><tr><td style="display: none">*</td><td><span title="Codes:{http://terminology.hl7.org/CodeSystem/action-type create}">Create</span></td><td><a href="#hcthird-vaccinedose-notpregnant-pd/LevofloxacinRequest">ActivityDefinition Levofloxacin Request</a></td></tr><tr><td style="display: none">*</td><td><span title="Codes:{http://terminology.hl7.org/CodeSystem/action-type create}">Create</span></td><td><a href="#hcthird-vaccinedose-notpregnant-pd/MoxifloxacinRequest">ActivityDefinition Moxifloxacin Request</a></td></tr><tr><td style="display: none">*</td><td><span title="Codes:{http://terminology.hl7.org/CodeSystem/action-type create}">Create</span></td><td><a href="#hcthird-vaccinedose-notpregnant-pd/ClindamycinRequest">ActivityDefinition Clindamycin Request</a></td></tr></table></blockquote></blockquote><blockquote><p><b>action</b></p><p><b>title</b>: Anthrax Vaccination - 3rd dose</p><p><b>type</b>: <span title="Codes:{http://terminology.hl7.org/CodeSystem/action-type create}">Create</span></p><p><b>definition</b>: <a href="#hcthird-vaccinedose-notpregnant-pd/Inline-Vaccine-Request-11">ActivityDefinition Anthrax Post Exposure Prophylaxis (PEP) for Adults: Vaccine Request</a></p></blockquote></blockquote><hr/><blockquote><p class="res-header-id"><b>Generated Narrative: ActivityDefinition  #CiprofloxacinRequest</b></p><a name="third-vaccinedose-notpregnant-pd/CiprofloxacinRequest"> </a><a name="hcthird-vaccinedose-notpregnant-pd/CiprofloxacinRequest"> </a><a name="third-vaccinedose-notpregnant-pd/CiprofloxacinRequest-en-US"> </a><p><b>url</b>: <a href="ActivityDefinition-CiprofloxacinRequest.html">ActivityDefinition Ciprofloxacin Request</a></p><p><b>identifier</b>: Anthrax_Post_Exposure_Prophylaxis_FHIRv102_CQL_v110/CiprofloxacinRequest</p><p><b>name</b>: Anthrax_Post_Exposure_Prophylaxis_Adults_Ciprofloxacin_Request</p><p><b>title</b>: Ciprofloxacin Request</p><p><b>status</b>: Draft</p><p><b>experimental</b>: true</p><p><b>description</b>: </p><div><p>In 2009, the US Advisory Committee on Immunization Practices recommended in addition to antimicrobial therapy, a 3-dose series of Anthrax Vaccine Adsorbed (AVA) BioThrax (Emergent BioSolutions Inc., Rockville, MD, USA) for long-term protection after exposure to anthrax  in individuals without any previous vaccine. After exposure to aerosolized B. anthracis spores, antimicrobial therapy should be initiated as soon as possible. Ideally, the first dose of vaccine should be administered within 10 days. ACIP recommends a post exposure regimen of 60 days of appropriate antimicrobial prophylaxis (covered previously) combined with 3 subcutaneous doses of AVA (administered at 0, 2, and 4 weeks post exposure) as the most effective protection against inhalation anthrax for previously unvaccinated persons aged ≥18 years who have been exposed to aerosolized B. anthracis spores. In general, the peak serologic response to anthrax vaccine occurs 10–14 days after the third dose. (Wright, J.G et al., Morbidity and Mortality Weekly Report, July 23, 2010 / 59(RR06); 1-30). Additionally, the Advisory Committee on Immunization Practices subsequently reviewed all safety data available as of March 2008, including the final results of a retrospective study, and concluded that AVA is safe to administer to anthrax-exposed women during pregnancy. In the setting of an anthrax event that poses a high risk for exposure to aerosolized B. anthracis spores, pregnancy is neither a precaution nor a contraindication to vaccination. Pregnant women at risk for inhalation anthrax should receive AVA and antimicrobial drug therapy regardless of pregnancy trimester (Meanye-Delman D et al., Emerg Infect Dis, 20(2), 2014).</p>
</div><h3>UseContexts</h3><table class="grid"><tr><td style="display: none">-</td><td><b>Code</b></td><td><b>Value[x]</b></td></tr><tr><td style="display: none">*</td><td><a href="http://terminology.hl7.org/6.0.2/CodeSystem-usage-context-type.html#usage-context-type-age">UsageContextType age</a>: Age Range</td><td>18-?</td></tr><tr><td style="display: none">*</td><td><a href="http://terminology.hl7.org/6.0.2/CodeSystem-usage-context-type.html#usage-context-type-venue">UsageContextType venue</a>: Clinical Venue</td><td><span title="Codes:{http://snomed.info/sct 440655000}">Outpatient environment</span></td></tr><tr><td style="display: none">*</td><td><a href="http://terminology.hl7.org/6.0.2/CodeSystem-usage-context-type.html#usage-context-type-focus">UsageContextType focus</a>: Clinical Focus</td><td><span title="Codes:{http://hl7.org/fhir/sid/icd-10-cm Z20.810}">Contact with and (suspected) exposure to anthrax</span></td></tr><tr><td style="display: none">*</td><td><a href="http://terminology.hl7.org/6.0.2/CodeSystem-usage-context-type.html#usage-context-type-focus">UsageContextType focus</a>: Clinical Focus</td><td><span title="Codes:{http://snomed.info/sct 170475009}">Exposure to Bacillus anthracis (event)</span></td></tr><tr><td style="display: none">*</td><td><a href="http://terminology.hl7.org/6.0.2/CodeSystem-usage-context-type.html#usage-context-type-focus">UsageContextType focus</a>: Clinical Focus</td><td><span title="Codes:{http://snomed.info/sct 84387000}">Asymptomatic (finding)</span></td></tr></table><p><b>purpose</b>: </p><div><p>Provides clinicians with information for quickly assessing individuals exposed to anthrax unrelated to occupational exposure, for example in bioterrorism events, and provides the recommended post-exposure prophylaxis (PEP) regimen for asymptomatic patients. Includes immediate treatment with antimicrobials and vaccine and follow-up administration of subsequent vaccines to complete the recommended 3-dose vaccination series.</p>
</div><p><b>usage</b>: Intended for use by clinicians caring for individuals ≥18 years of age in an outpatient setting.</p><p><b>approvalDate</b>: 2019-06-07</p><p><b>lastReviewDate</b>: 2019-06-07</p><p><b>effectivePeriod</b>: 2019-06-07 --&gt; (ongoing)</p><p><b>topic</b>: <span title="Codes:">Anthrax</span>, <span title="Codes:">Emergency Medicine</span>, <span title="Codes:">Post-Exposure Prophylaxis</span></p><p><b>author</b>: Alliance to Modernize Healthcare FFRDC: </p><p><b>endorser</b>: Centers for Disease Control and Prevention: </p><p><b>kind</b>: MedicationRequest</p><p><b>product</b>: <span title="Codes:{http://www.nlm.nih.gov/research/umls/rxnorm 309309}">Ciprofloxacin 500 MG Oral Tablet</span></p><p><b>quantity</b>: 120(unit ORTAB from http://terminology.hl7.org/CodeSystem/v3-orderableDrugForm)<span style="background: LightGoldenRodYellow"> (Details: Orderable Drug Form  codeORTAB = 'Oral Tablet')</span></p><h3>Dosages</h3><table class="grid"><tr><td style="display: none">-</td><td><b>Text</b></td><td><b>AdditionalInstruction</b></td><td><b>PatientInstruction</b></td><td><b>Timing</b></td><td><b>Route</b></td><td><b>Method</b></td></tr><tr><td style="display: none">*</td><td>One every 12 hours for 60 days</td><td><span title="Codes:">CONTRAINDICATIONS: Diagnosis of myasthenia gravis and taking tizanidine.</span>, <span title="Codes:">CAUTIONS: If patient is taking  blood thinners, oral antidiabetic drugs, seizure drugs, theophylline, drugs that prolong QT interval, duloxetine (Cymbalta), zolpidem (Ambien), clozapine or any other drug that may interact and cause serious side effects, consider another antibiotic regimen.</span>, <span title="Codes:">Provide patient education on medications.</span></td><td>Take with full glass of water</td><td>Once per 12 hours</td><td><span title="Codes:{http://snomed.info/sct 26643006}">Oral Route</span></td><td><span title="Codes:{http://snomed.info/sct 421521009}">Swallow - dosing instruction imperative (qualifier value)</span></td></tr></table></blockquote><hr/><blockquote><p class="res-header-id"><b>Generated Narrative: ActivityDefinition  #DoxycyclineRequest</b></p><a name="third-vaccinedose-notpregnant-pd/DoxycyclineRequest"> </a><a name="hcthird-vaccinedose-notpregnant-pd/DoxycyclineRequest"> </a><a name="third-vaccinedose-notpregnant-pd/DoxycyclineRequest-en-US"> </a><p><b>url</b>: <a href="ActivityDefinition-DoxycyclineRequest.html">ActivityDefinition Doxycycline Request</a></p><p><b>identifier</b>: Anthrax_Post_Exposure_Prophylaxis_FHIRv102_CQL_v110/DoxycyclineRequest</p><p><b>name</b>: Anthrax_Post_Exposure_Prophylaxis_Adults_Doxycycline_Request</p><p><b>title</b>: Doxycycline Request</p><p><b>status</b>: Draft</p><p><b>experimental</b>: true</p><p><b>description</b>: </p><div><p>In 2009, the US Advisory Committee on Immunization Practices recommended in addition to antimicrobial therapy, a 3-dose series of Anthrax Vaccine Adsorbed (AVA) BioThrax (Emergent BioSolutions Inc., Rockville, MD, USA) for long-term protection after exposure to anthrax  in individuals without any previous vaccine. After exposure to aerosolized B. anthracis spores, antimicrobial therapy should be initiated as soon as possible. Ideally, the first dose of vaccine should be administered within 10 days. ACIP recommends a post exposure regimen of 60 days of appropriate antimicrobial prophylaxis (covered previously) combined with 3 subcutaneous doses of AVA (administered at 0, 2, and 4 weeks post exposure) as the most effective protection against inhalation anthrax for previously unvaccinated persons aged ≥18 years who have been exposed to aerosolized B. anthracis spores. In general, the peak serologic response to anthrax vaccine occurs 10–14 days after the third dose. (Wright, J.G et al., Morbidity and Mortality Weekly Report, July 23, 2010 / 59(RR06); 1-30). Additionally, the Advisory Committee on Immunization Practices subsequently reviewed all safety data available as of March 2008, including the final results of a retrospective study, and concluded that AVA is safe to administer to anthrax-exposed women during pregnancy. In the setting of an anthrax event that poses a high risk for exposure to aerosolized B. anthracis spores, pregnancy is neither a precaution nor a contraindication to vaccination. Pregnant women at risk for inhalation anthrax should receive AVA and antimicrobial drug therapy regardless of pregnancy trimester (Meanye-Delman D et al., Emerg Infect Dis, 20(2), 2014).</p>
</div><h3>UseContexts</h3><table class="grid"><tr><td style="display: none">-</td><td><b>Code</b></td><td><b>Value[x]</b></td></tr><tr><td style="display: none">*</td><td><a href="http://terminology.hl7.org/6.0.2/CodeSystem-usage-context-type.html#usage-context-type-age">UsageContextType age</a>: Age Range</td><td>18-?</td></tr><tr><td style="display: none">*</td><td><a href="http://terminology.hl7.org/6.0.2/CodeSystem-usage-context-type.html#usage-context-type-venue">UsageContextType venue</a>: Clinical Venue</td><td><span title="Codes:{http://snomed.info/sct 440655000}">Outpatient environment</span></td></tr><tr><td style="display: none">*</td><td><a href="http://terminology.hl7.org/6.0.2/CodeSystem-usage-context-type.html#usage-context-type-focus">UsageContextType focus</a>: Clinical Focus</td><td><span title="Codes:{http://hl7.org/fhir/sid/icd-10-cm Z20.810}">Contact with and (suspected) exposure to anthrax</span></td></tr><tr><td style="display: none">*</td><td><a href="http://terminology.hl7.org/6.0.2/CodeSystem-usage-context-type.html#usage-context-type-focus">UsageContextType focus</a>: Clinical Focus</td><td><span title="Codes:{http://snomed.info/sct 170475009}">Exposure to Bacillus anthracis (event)</span></td></tr><tr><td style="display: none">*</td><td><a href="http://terminology.hl7.org/6.0.2/CodeSystem-usage-context-type.html#usage-context-type-focus">UsageContextType focus</a>: Clinical Focus</td><td><span title="Codes:{http://snomed.info/sct 84387000}">Asymptomatic (finding)</span></td></tr></table><p><b>purpose</b>: </p><div><p>Provides clinicians with information for quickly assessing individuals exposed to anthrax unrelated to occupational exposure, for example in bioterrorism events, and provides the recommended post-exposure prophylaxis (PEP) regimen for asymptomatic patients. Includes immediate treatment with antimicrobials and vaccine and follow-up administration of subsequent vaccines to complete the recommended 3-dose vaccination series.</p>
</div><p><b>usage</b>: Intended for use by clinicians caring for individuals ≥18 years of age in an outpatient setting.</p><p><b>approvalDate</b>: 2019-06-07</p><p><b>lastReviewDate</b>: 2019-06-07</p><p><b>effectivePeriod</b>: 2019-06-07 --&gt; (ongoing)</p><p><b>topic</b>: <span title="Codes:">Anthrax</span>, <span title="Codes:">Emergency Medicine</span>, <span title="Codes:">Post-Exposure Prophylaxis</span></p><p><b>author</b>: Alliance to Modernize Healthcare FFRDC: </p><p><b>endorser</b>: Centers for Disease Control and Prevention: </p><p><b>kind</b>: MedicationRequest</p><p><b>product</b>: <span title="Codes:{http://www.nlm.nih.gov/research/umls/rxnorm 1650143}">doxycycline hyclate 100 MG Oral Tablet</span></p><p><b>quantity</b>: 120(unit ORTAB from http://terminology.hl7.org/CodeSystem/v3-orderableDrugForm)<span style="background: LightGoldenRodYellow"> (Details: Orderable Drug Form  codeORTAB = 'Oral Tablet')</span></p><h3>Dosages</h3><table class="grid"><tr><td style="display: none">-</td><td><b>Text</b></td><td><b>AdditionalInstruction</b></td><td><b>PatientInstruction</b></td><td><b>Timing</b></td><td><b>Route</b></td><td><b>Method</b></td></tr><tr><td style="display: none">*</td><td>One every 12 hours for 60 days</td><td><span title="Codes:">CAUTIONS: If patient is taking  blood thinners, oral antidiabetic drugs, seizure drugs, or any other drug that may interact and cause serious side effects, consider another antibiotic regimen.</span>, <span title="Codes:">Provide patient education on medications.</span></td><td>Take with full glass of water</td><td>Once per 12 hours</td><td><span title="Codes:{http://snomed.info/sct 26643006}">Oral Route</span></td><td><span title="Codes:{http://snomed.info/sct 421521009}">Swallow - dosing instruction imperative (qualifier value)</span></td></tr></table></blockquote><hr/><blockquote><p class="res-header-id"><b>Generated Narrative: ActivityDefinition  #LevofloxacinRequest</b></p><a name="third-vaccinedose-notpregnant-pd/LevofloxacinRequest"> </a><a name="hcthird-vaccinedose-notpregnant-pd/LevofloxacinRequest"> </a><a name="third-vaccinedose-notpregnant-pd/LevofloxacinRequest-en-US"> </a><p><b>url</b>: <a href="ActivityDefinition-LevofloxacinRequest.html">ActivityDefinition Levofloxacin Request</a></p><p><b>identifier</b>: Anthrax_Post_Exposure_Prophylaxis_FHIRv102_CQL_v110/LevofloxacinRequest</p><p><b>name</b>: Anthrax_Post_Exposure_Prophylaxis_Adults_Levofloxacin_Request</p><p><b>title</b>: Levofloxacin Request</p><p><b>status</b>: Draft</p><p><b>experimental</b>: true</p><p><b>description</b>: </p><div><p>In 2009, the US Advisory Committee on Immunization Practices recommended in addition to antimicrobial therapy, a 3-dose series of Anthrax Vaccine Adsorbed (AVA) BioThrax (Emergent BioSolutions Inc., Rockville, MD, USA) for long-term protection after exposure to anthrax  in individuals without any previous vaccine. After exposure to aerosolized B. anthracis spores, antimicrobial therapy should be initiated as soon as possible. Ideally, the first dose of vaccine should be administered within 10 days. ACIP recommends a post exposure regimen of 60 days of appropriate antimicrobial prophylaxis (covered previously) combined with 3 subcutaneous doses of AVA (administered at 0, 2, and 4 weeks post exposure) as the most effective protection against inhalation anthrax for previously unvaccinated persons aged ≥18 years who have been exposed to aerosolized B. anthracis spores. In general, the peak serologic response to anthrax vaccine occurs 10–14 days after the third dose. (Wright, J.G et al., Morbidity and Mortality Weekly Report, July 23, 2010 / 59(RR06); 1-30). Additionally, the Advisory Committee on Immunization Practices subsequently reviewed all safety data available as of March 2008, including the final results of a retrospective study, and concluded that AVA is safe to administer to anthrax-exposed women during pregnancy. In the setting of an anthrax event that poses a high risk for exposure to aerosolized B. anthracis spores, pregnancy is neither a precaution nor a contraindication to vaccination. Pregnant women at risk for inhalation anthrax should receive AVA and antimicrobial drug therapy regardless of pregnancy trimester (Meanye-Delman D et al., Emerg Infect Dis, 20(2), 2014).</p>
</div><h3>UseContexts</h3><table class="grid"><tr><td style="display: none">-</td><td><b>Code</b></td><td><b>Value[x]</b></td></tr><tr><td style="display: none">*</td><td><a href="http://terminology.hl7.org/6.0.2/CodeSystem-usage-context-type.html#usage-context-type-age">UsageContextType age</a>: Age Range</td><td>18-?</td></tr><tr><td style="display: none">*</td><td><a href="http://terminology.hl7.org/6.0.2/CodeSystem-usage-context-type.html#usage-context-type-venue">UsageContextType venue</a>: Clinical Venue</td><td><span title="Codes:{http://snomed.info/sct 440655000}">Outpatient environment</span></td></tr><tr><td style="display: none">*</td><td><a href="http://terminology.hl7.org/6.0.2/CodeSystem-usage-context-type.html#usage-context-type-focus">UsageContextType focus</a>: Clinical Focus</td><td><span title="Codes:{http://hl7.org/fhir/sid/icd-10-cm Z20.810}">Contact with and (suspected) exposure to anthrax</span></td></tr><tr><td style="display: none">*</td><td><a href="http://terminology.hl7.org/6.0.2/CodeSystem-usage-context-type.html#usage-context-type-focus">UsageContextType focus</a>: Clinical Focus</td><td><span title="Codes:{http://snomed.info/sct 170475009}">Exposure to Bacillus anthracis (event)</span></td></tr><tr><td style="display: none">*</td><td><a href="http://terminology.hl7.org/6.0.2/CodeSystem-usage-context-type.html#usage-context-type-focus">UsageContextType focus</a>: Clinical Focus</td><td><span title="Codes:{http://snomed.info/sct 84387000}">Asymptomatic (finding)</span></td></tr></table><p><b>purpose</b>: </p><div><p>Provides clinicians with information for quickly assessing individuals exposed to anthrax unrelated to occupational exposure, for example in bioterrorism events, and provides the recommended post-exposure prophylaxis (PEP) regimen for asymptomatic patients. Includes immediate treatment with antimicrobials and vaccine and follow-up administration of subsequent vaccines to complete the recommended 3-dose vaccination series.</p>
</div><p><b>usage</b>: Intended for use by clinicians caring for individuals ≥18 years of age in an outpatient setting.</p><p><b>approvalDate</b>: 2019-06-07</p><p><b>lastReviewDate</b>: 2019-06-07</p><p><b>effectivePeriod</b>: 2019-06-07 --&gt; (ongoing)</p><p><b>topic</b>: <span title="Codes:">Anthrax</span>, <span title="Codes:">Emergency Medicine</span>, <span title="Codes:">Post-Exposure Prophylaxis</span></p><p><b>author</b>: Alliance to Modernize Healthcare FFRDC: </p><p><b>endorser</b>: Centers for Disease Control and Prevention: </p><p><b>kind</b>: MedicationRequest</p><p><b>product</b>: <span title="Codes:{http://www.nlm.nih.gov/research/umls/rxnorm 311296}">Levofloxacin 750 MG Oral Tablet</span></p><p><b>quantity</b>: 60(unit ORTAB from http://terminology.hl7.org/CodeSystem/v3-orderableDrugForm)<span style="background: LightGoldenRodYellow"> (Details: Orderable Drug Form  codeORTAB = 'Oral Tablet')</span></p><h3>Dosages</h3><table class="grid"><tr><td style="display: none">-</td><td><b>Text</b></td><td><b>AdditionalInstruction</b></td><td><b>Timing</b></td><td><b>Route</b></td><td><b>Method</b></td></tr><tr><td style="display: none">*</td><td>One every day for 60 days</td><td><span title="Codes:">none</span></td><td>Once per 1 days</td><td><span title="Codes:{http://snomed.info/sct 26643006}">Oral Route</span></td><td><span title="Codes:{http://snomed.info/sct 421521009}">Swallow - dosing instruction imperative (qualifier value)</span></td></tr></table></blockquote><hr/><blockquote><p class="res-header-id"><b>Generated Narrative: ActivityDefinition  #MoxifloxacinRequest</b></p><a name="third-vaccinedose-notpregnant-pd/MoxifloxacinRequest"> </a><a name="hcthird-vaccinedose-notpregnant-pd/MoxifloxacinRequest"> </a><a name="third-vaccinedose-notpregnant-pd/MoxifloxacinRequest-en-US"> </a><p><b>url</b>: <a href="ActivityDefinition-MoxifloxacinRequest.html">ActivityDefinition Moxifloxacin Request</a></p><p><b>identifier</b>: Anthrax_Post_Exposure_Prophylaxis_FHIRv102_CQL_v110/MoxifloxacinRequest</p><p><b>name</b>: Anthrax_Post_Exposure_Prophylaxis_Adults_Moxifloxacin_Request</p><p><b>title</b>: Moxifloxacin Request</p><p><b>status</b>: Draft</p><p><b>experimental</b>: true</p><p><b>description</b>: </p><div><p>In 2009, the US Advisory Committee on Immunization Practices recommended in addition to antimicrobial therapy, a 3-dose series of Anthrax Vaccine Adsorbed (AVA) BioThrax (Emergent BioSolutions Inc., Rockville, MD, USA) for long-term protection after exposure to anthrax  in individuals without any previous vaccine. After exposure to aerosolized B. anthracis spores, antimicrobial therapy should be initiated as soon as possible. Ideally, the first dose of vaccine should be administered within 10 days. ACIP recommends a post exposure regimen of 60 days of appropriate antimicrobial prophylaxis (covered previously) combined with 3 subcutaneous doses of AVA (administered at 0, 2, and 4 weeks post exposure) as the most effective protection against inhalation anthrax for previously unvaccinated persons aged ≥18 years who have been exposed to aerosolized B. anthracis spores. In general, the peak serologic response to anthrax vaccine occurs 10–14 days after the third dose. (Wright, J.G et al., Morbidity and Mortality Weekly Report, July 23, 2010 / 59(RR06); 1-30). Additionally, the Advisory Committee on Immunization Practices subsequently reviewed all safety data available as of March 2008, including the final results of a retrospective study, and concluded that AVA is safe to administer to anthrax-exposed women during pregnancy. In the setting of an anthrax event that poses a high risk for exposure to aerosolized B. anthracis spores, pregnancy is neither a precaution nor a contraindication to vaccination. Pregnant women at risk for inhalation anthrax should receive AVA and antimicrobial drug therapy regardless of pregnancy trimester (Meanye-Delman D et al., Emerg Infect Dis, 20(2), 2014).</p>
</div><h3>UseContexts</h3><table class="grid"><tr><td style="display: none">-</td><td><b>Code</b></td><td><b>Value[x]</b></td></tr><tr><td style="display: none">*</td><td><a href="http://terminology.hl7.org/6.0.2/CodeSystem-usage-context-type.html#usage-context-type-age">UsageContextType age</a>: Age Range</td><td>18-?</td></tr><tr><td style="display: none">*</td><td><a href="http://terminology.hl7.org/6.0.2/CodeSystem-usage-context-type.html#usage-context-type-venue">UsageContextType venue</a>: Clinical Venue</td><td><span title="Codes:{http://snomed.info/sct 440655000}">Outpatient environment</span></td></tr><tr><td style="display: none">*</td><td><a href="http://terminology.hl7.org/6.0.2/CodeSystem-usage-context-type.html#usage-context-type-focus">UsageContextType focus</a>: Clinical Focus</td><td><span title="Codes:{http://hl7.org/fhir/sid/icd-10-cm Z20.810}">Contact with and (suspected) exposure to anthrax</span></td></tr><tr><td style="display: none">*</td><td><a href="http://terminology.hl7.org/6.0.2/CodeSystem-usage-context-type.html#usage-context-type-focus">UsageContextType focus</a>: Clinical Focus</td><td><span title="Codes:{http://snomed.info/sct 170475009}">Exposure to Bacillus anthracis (event)</span></td></tr><tr><td style="display: none">*</td><td><a href="http://terminology.hl7.org/6.0.2/CodeSystem-usage-context-type.html#usage-context-type-focus">UsageContextType focus</a>: Clinical Focus</td><td><span title="Codes:{http://snomed.info/sct 84387000}">Asymptomatic (finding)</span></td></tr></table><p><b>purpose</b>: </p><div><p>Provides clinicians with information for quickly assessing individuals exposed to anthrax unrelated to occupational exposure, for example in bioterrorism events, and provides the recommended post-exposure prophylaxis (PEP) regimen for asymptomatic patients. Includes immediate treatment with antimicrobials and vaccine and follow-up administration of subsequent vaccines to complete the recommended 3-dose vaccination series.</p>
</div><p><b>usage</b>: Intended for use by clinicians caring for individuals ≥18 years of age in an outpatient setting.</p><p><b>approvalDate</b>: 2019-06-07</p><p><b>lastReviewDate</b>: 2019-06-07</p><p><b>effectivePeriod</b>: 2019-06-07 --&gt; (ongoing)</p><p><b>topic</b>: <span title="Codes:">Anthrax</span>, <span title="Codes:">Emergency Medicine</span>, <span title="Codes:">Post-Exposure Prophylaxis</span></p><p><b>author</b>: Alliance to Modernize Healthcare FFRDC: </p><p><b>endorser</b>: Centers for Disease Control and Prevention: </p><p><b>kind</b>: MedicationRequest</p><p><b>product</b>: <span title="Codes:{http://www.nlm.nih.gov/research/umls/rxnorm 311787}">moxifloxacin HCl 400 MG Oral Tablet</span></p><p><b>quantity</b>: 60(unit ORTAB from http://terminology.hl7.org/CodeSystem/v3-orderableDrugForm)<span style="background: LightGoldenRodYellow"> (Details: Orderable Drug Form  codeORTAB = 'Oral Tablet')</span></p><h3>Dosages</h3><table class="grid"><tr><td style="display: none">-</td><td><b>Text</b></td><td><b>AdditionalInstruction</b></td><td><b>Timing</b></td><td><b>Route</b></td><td><b>Method</b></td></tr><tr><td style="display: none">*</td><td>One every day for 60 days</td><td><span title="Codes:">none</span></td><td>Once per 1 days</td><td><span title="Codes:{http://snomed.info/sct 26643006}">Oral Route</span></td><td><span title="Codes:{http://snomed.info/sct 421521009}">Swallow - dosing instruction imperative (qualifier value)</span></td></tr></table></blockquote><hr/><blockquote><p class="res-header-id"><b>Generated Narrative: ActivityDefinition  #ClindamycinRequest</b></p><a name="third-vaccinedose-notpregnant-pd/ClindamycinRequest"> </a><a name="hcthird-vaccinedose-notpregnant-pd/ClindamycinRequest"> </a><a name="third-vaccinedose-notpregnant-pd/ClindamycinRequest-en-US"> </a><p><b>url</b>: <a href="ActivityDefinition-ClindamycinRequest.html">ActivityDefinition Clindamycin Request</a></p><p><b>identifier</b>: Anthrax_Post_Exposure_Prophylaxis_FHIRv102_CQL_v110/ClindamycinRequest</p><p><b>name</b>: Anthrax_Post_Exposure_Prophylaxis_Adults_Clindamycin_Request</p><p><b>title</b>: Clindamycin Request</p><p><b>status</b>: Draft</p><p><b>experimental</b>: true</p><p><b>description</b>: </p><div><p>In 2009, the US Advisory Committee on Immunization Practices recommended in addition to antimicrobial therapy, a 3-dose series of Anthrax Vaccine Adsorbed (AVA) BioThrax (Emergent BioSolutions Inc., Rockville, MD, USA) for long-term protection after exposure to anthrax  in individuals without any previous vaccine. After exposure to aerosolized B. anthracis spores, antimicrobial therapy should be initiated as soon as possible. Ideally, the first dose of vaccine should be administered within 10 days. ACIP recommends a post exposure regimen of 60 days of appropriate antimicrobial prophylaxis (covered previously) combined with 3 subcutaneous doses of AVA (administered at 0, 2, and 4 weeks post exposure) as the most effective protection against inhalation anthrax for previously unvaccinated persons aged ≥18 years who have been exposed to aerosolized B. anthracis spores. In general, the peak serologic response to anthrax vaccine occurs 10–14 days after the third dose. (Wright, J.G et al., Morbidity and Mortality Weekly Report, July 23, 2010 / 59(RR06); 1-30). Additionally, the Advisory Committee on Immunization Practices subsequently reviewed all safety data available as of March 2008, including the final results of a retrospective study, and concluded that AVA is safe to administer to anthrax-exposed women during pregnancy. In the setting of an anthrax event that poses a high risk for exposure to aerosolized B. anthracis spores, pregnancy is neither a precaution nor a contraindication to vaccination. Pregnant women at risk for inhalation anthrax should receive AVA and antimicrobial drug therapy regardless of pregnancy trimester (Meanye-Delman D et al., Emerg Infect Dis, 20(2), 2014).</p>
</div><h3>UseContexts</h3><table class="grid"><tr><td style="display: none">-</td><td><b>Code</b></td><td><b>Value[x]</b></td></tr><tr><td style="display: none">*</td><td><a href="http://terminology.hl7.org/6.0.2/CodeSystem-usage-context-type.html#usage-context-type-age">UsageContextType age</a>: Age Range</td><td>18-?</td></tr><tr><td style="display: none">*</td><td><a href="http://terminology.hl7.org/6.0.2/CodeSystem-usage-context-type.html#usage-context-type-venue">UsageContextType venue</a>: Clinical Venue</td><td><span title="Codes:{http://snomed.info/sct 440655000}">Outpatient environment</span></td></tr><tr><td style="display: none">*</td><td><a href="http://terminology.hl7.org/6.0.2/CodeSystem-usage-context-type.html#usage-context-type-focus">UsageContextType focus</a>: Clinical Focus</td><td><span title="Codes:{http://hl7.org/fhir/sid/icd-10-cm Z20.810}">Contact with and (suspected) exposure to anthrax</span></td></tr><tr><td style="display: none">*</td><td><a href="http://terminology.hl7.org/6.0.2/CodeSystem-usage-context-type.html#usage-context-type-focus">UsageContextType focus</a>: Clinical Focus</td><td><span title="Codes:{http://snomed.info/sct 170475009}">Exposure to Bacillus anthracis (event)</span></td></tr><tr><td style="display: none">*</td><td><a href="http://terminology.hl7.org/6.0.2/CodeSystem-usage-context-type.html#usage-context-type-focus">UsageContextType focus</a>: Clinical Focus</td><td><span title="Codes:{http://snomed.info/sct 84387000}">Asymptomatic (finding)</span></td></tr></table><p><b>purpose</b>: </p><div><p>Provides clinicians with information for quickly assessing individuals exposed to anthrax unrelated to occupational exposure, for example in bioterrorism events, and provides the recommended post-exposure prophylaxis (PEP) regimen for asymptomatic patients. Includes immediate treatment with antimicrobials and vaccine and follow-up administration of subsequent vaccines to complete the recommended 3-dose vaccination series.</p>
</div><p><b>usage</b>: Intended for use by clinicians caring for individuals ≥18 years of age in an outpatient setting.</p><p><b>approvalDate</b>: 2019-06-07</p><p><b>lastReviewDate</b>: 2019-06-07</p><p><b>effectivePeriod</b>: 2019-06-07 --&gt; (ongoing)</p><p><b>topic</b>: <span title="Codes:">Anthrax</span>, <span title="Codes:">Emergency Medicine</span>, <span title="Codes:">Post-Exposure Prophylaxis</span></p><p><b>author</b>: Alliance to Modernize Healthcare FFRDC: </p><p><b>endorser</b>: Centers for Disease Control and Prevention: </p><p><b>kind</b>: MedicationRequest</p><p><b>product</b>: <span title="Codes:{http://www.nlm.nih.gov/research/umls/rxnorm 284215}">clindamycin HCl 300 MG Oral Capsule</span></p><p><b>quantity</b>: 360(unit ORTAB from http://terminology.hl7.org/CodeSystem/v3-orderableDrugForm)<span style="background: LightGoldenRodYellow"> (Details: Orderable Drug Form  codeORTAB = 'Oral Tablet')</span></p><h3>Dosages</h3><table class="grid"><tr><td style="display: none">-</td><td><b>Text</b></td><td><b>AdditionalInstruction</b></td><td><b>Timing</b></td><td><b>Route</b></td><td><b>Method</b></td></tr><tr><td style="display: none">*</td><td>Two tablets every 8 hours for 60 days</td><td><span title="Codes:">none</span></td><td>2 per 8 hours</td><td><span title="Codes:{http://snomed.info/sct 26643006}">Oral Route</span></td><td><span title="Codes:{http://snomed.info/sct 421521009}">Swallow - dosing instruction imperative (qualifier value)</span></td></tr></table></blockquote><hr/><blockquote><p class="res-header-id"><b>Generated Narrative: ActivityDefinition  #Inline-Vaccine-Request-11</b></p><a name="third-vaccinedose-notpregnant-pd/Inline-Vaccine-Request-11"> </a><a name="hcthird-vaccinedose-notpregnant-pd/Inline-Vaccine-Request-11"> </a><a name="third-vaccinedose-notpregnant-pd/Inline-Vaccine-Request-11-en-US"> </a><p><b>url</b>: <a href="http://cqframework.org/cpg-example-anthrax/ActivityDefinition/Inline-Vaccine-Request-11">http://cqframework.org/cpg-example-anthrax/ActivityDefinition/Inline-Vaccine-Request-11</a></p><p><b>identifier</b>: Anthrax_Post_Exposure_Prophylaxis_FHIRv102_CQL_v110/VaccineRequest</p><p><b>name</b>: Anthrax_Post_Exposure_Prophylaxis_Adults_Vaccine_Request</p><p><b>title</b>: Anthrax Post Exposure Prophylaxis (PEP) for Adults: Vaccine Request</p><p><b>status</b>: Draft</p><p><b>experimental</b>: true</p><p><b>description</b>: </p><div><p>In 2009, the US Advisory Committee on Immunization Practices recommended in addition to antimicrobial therapy, a 3-dose series of Anthrax Vaccine Adsorbed (AVA) BioThrax (Emergent BioSolutions Inc., Rockville, MD, USA) for long-term protection after exposure to anthrax  in individuals without any previous vaccine. After exposure to aerosolized B. anthracis spores, antimicrobial therapy should be initiated as soon as possible. Ideally, the first dose of vaccine should be administered within 10 days. ACIP recommends a post exposure regimen of 60 days of appropriate antimicrobial prophylaxis (covered previously) combined with 3 subcutaneous doses of AVA (administered at 0, 2, and 4 weeks post exposure) as the most effective protection against inhalation anthrax for previously unvaccinated persons aged ≥18 years who have been exposed to aerosolized B. anthracis spores. In general, the peak serologic response to anthrax vaccine occurs 10–14 days after the third dose. (Wright, J.G et al., Morbidity and Mortality Weekly Report, July 23, 2010 / 59(RR06); 1-30). Additionally, the Advisory Committee on Immunization Practices subsequently reviewed all safety data available as of March 2008, including the final results of a retrospective study, and concluded that AVA is safe to administer to anthrax-exposed women during pregnancy. In the setting of an anthrax event that poses a high risk for exposure to aerosolized B. anthracis spores, pregnancy is neither a precaution nor a contraindication to vaccination. Pregnant women at risk for inhalation anthrax should receive AVA and antimicrobial drug therapy regardless of pregnancy trimester (Meanye-Delman D et al., Emerg Infect Dis, 20(2), 2014).</p>
</div><h3>UseContexts</h3><table class="grid"><tr><td style="display: none">-</td><td><b>Code</b></td><td><b>Value[x]</b></td></tr><tr><td style="display: none">*</td><td><a href="http://terminology.hl7.org/6.0.2/CodeSystem-usage-context-type.html#usage-context-type-age">UsageContextType age</a>: Age Range</td><td>18-?</td></tr><tr><td style="display: none">*</td><td><a href="http://terminology.hl7.org/6.0.2/CodeSystem-usage-context-type.html#usage-context-type-venue">UsageContextType venue</a>: Clinical Venue</td><td><span title="Codes:{http://snomed.info/sct 440655000}">Outpatient environment</span></td></tr><tr><td style="display: none">*</td><td><a href="http://terminology.hl7.org/6.0.2/CodeSystem-usage-context-type.html#usage-context-type-focus">UsageContextType focus</a>: Clinical Focus</td><td><span title="Codes:{http://hl7.org/fhir/sid/icd-10-cm Z20.810}">Contact with and (suspected) exposure to anthrax</span></td></tr><tr><td style="display: none">*</td><td><a href="http://terminology.hl7.org/6.0.2/CodeSystem-usage-context-type.html#usage-context-type-focus">UsageContextType focus</a>: Clinical Focus</td><td><span title="Codes:{http://snomed.info/sct 170475009}">Exposure to Bacillus anthracis (event)</span></td></tr><tr><td style="display: none">*</td><td><a href="http://terminology.hl7.org/6.0.2/CodeSystem-usage-context-type.html#usage-context-type-focus">UsageContextType focus</a>: Clinical Focus</td><td><span title="Codes:{http://snomed.info/sct 84387000}">Asymptomatic (finding)</span></td></tr></table><p><b>purpose</b>: </p><div><p>Provides clinicians with information for quickly assessing individuals exposed to anthrax unrelated to occupational exposure, for example in bioterrorism events, and provides the recommended post-exposure prophylaxis (PEP) regimen for asymptomatic patients. Includes immediate treatment with antimicrobials and vaccine and follow-up administration of subsequent vaccines to complete the recommended 3-dose vaccination series.</p>
</div><p><b>usage</b>: Intended for use by clinicians caring for individuals ≥18 years of age in an outpatient setting.</p><p><b>approvalDate</b>: 2019-06-07</p><p><b>lastReviewDate</b>: 2019-06-07</p><p><b>effectivePeriod</b>: 2019-06-07 --&gt; (ongoing)</p><p><b>topic</b>: <span title="Codes:">Anthrax</span>, <span title="Codes:">Emergency Medicine</span>, <span title="Codes:">Post-Exposure Prophylaxis</span></p><p><b>author</b>: Alliance to Modernize Healthcare FFRDC: </p><p><b>endorser</b>: Centers for Disease Control and Prevention: </p><p><b>kind</b>: ImmunizationRecommendation</p><p><b>code</b>: <span title="Codes:{http://snomed.info/sct 49598002}, {http://snomed.info/sct 170340005}">Anthrax vaccination</span></p><p><b>product</b>: <span title="Codes:{http://hl7.org/fhir/sid/cvx 24}">Anthrax vaccine</span></p><blockquote><p><b>dosage</b></p><p><b>text</b>: 0.5mL</p><p><b>additionalInstruction</b>: <span title="Codes:">Epinephrine solution (1:1000) should be available for immediate use in the event that an anaphylactic reaction occurs.</span></p><p><b>route</b>: <span title="Codes:{http://snomed.info/sct 34206005}">Subcutaneous route</span></p><h3>DoseAndRates</h3><table class="grid"><tr><td style="display: none">-</td><td><b>Dose[x]</b></td></tr><tr><td style="display: none">*</td><td>0.5 mL<span style="background: LightGoldenRodYellow"> (Details: UCUM  codemL = 'mL')</span></td></tr></table></blockquote></blockquote></div>
  </text>
  <contained>
    <ActivityDefinition>
      <id value="CiprofloxacinRequest"/>
      <url value="http://cqframework.org/cpg-example-anthrax/ActivityDefinition/CiprofloxacinRequest"/>
      <identifier>
        <value value="Anthrax_Post_Exposure_Prophylaxis_FHIRv102_CQL_v110/CiprofloxacinRequest"/>
      </identifier>
      <name value="Anthrax_Post_Exposure_Prophylaxis_Adults_Ciprofloxacin_Request"/>
      <title value="Ciprofloxacin Request"/>
      <status value="draft"/>
      <experimental value="true"/>
      <description value="In 2009, the US Advisory Committee on Immunization Practices recommended in addition to antimicrobial therapy, a 3-dose series of Anthrax Vaccine Adsorbed (AVA) BioThrax (Emergent BioSolutions Inc., Rockville, MD, USA) for long-term protection after exposure to anthrax  in individuals without any previous vaccine. After exposure to aerosolized B. anthracis spores, antimicrobial therapy should be initiated as soon as possible. Ideally, the first dose of vaccine should be administered within 10 days. ACIP recommends a post exposure regimen of 60 days of appropriate antimicrobial prophylaxis (covered previously) combined with 3 subcutaneous doses of AVA (administered at 0, 2, and 4 weeks post exposure) as the most effective protection against inhalation anthrax for previously unvaccinated persons aged ≥18 years who have been exposed to aerosolized B. anthracis spores. In general, the peak serologic response to anthrax vaccine occurs 10–14 days after the third dose. (Wright, J.G et al., Morbidity and Mortality Weekly Report, July 23, 2010 / 59(RR06); 1-30). Additionally, the Advisory Committee on Immunization Practices subsequently reviewed all safety data available as of March 2008, including the final results of a retrospective study, and concluded that AVA is safe to administer to anthrax-exposed women during pregnancy. In the setting of an anthrax event that poses a high risk for exposure to aerosolized B. anthracis spores, pregnancy is neither a precaution nor a contraindication to vaccination. Pregnant women at risk for inhalation anthrax should receive AVA and antimicrobial drug therapy regardless of pregnancy trimester (Meanye-Delman D et al., Emerg Infect Dis, 20(2), 2014)."/>
      <useContext>
        <code>
          <system value="http://terminology.hl7.org/CodeSystem/usage-context-type"/>
          <code value="age"/>
          <display value="Age Range"/>
        </code>
        <valueRange>
          <low>
            <value value="18"/>
          </low>
        </valueRange>
      </useContext>
      <useContext>
        <code>
          <system value="http://terminology.hl7.org/CodeSystem/usage-context-type"/>
          <code value="venue"/>
          <display value="Clinical Venue"/>
        </code>
        <valueCodeableConcept>
          <coding>
            <system value="http://snomed.info/sct"/>
            <code value="440655000"/>
            <display value="Outpatient environment"/>
          </coding>
        </valueCodeableConcept>
      </useContext>
      <useContext>
        <code>
          <system value="http://terminology.hl7.org/CodeSystem/usage-context-type"/>
          <code value="focus"/>
          <display value="Clinical Focus"/>
        </code>
        <valueCodeableConcept>
          <coding>
            <system value="http://hl7.org/fhir/sid/icd-10-cm"/>
            <code value="Z20.810"/>
            <display value="Contact with and (suspected) exposure to anthrax"/>
          </coding>
        </valueCodeableConcept>
      </useContext>
      <useContext>
        <code>
          <system value="http://terminology.hl7.org/CodeSystem/usage-context-type"/>
          <code value="focus"/>
          <display value="Clinical Focus"/>
        </code>
        <valueCodeableConcept>
          <coding>
            <system value="http://snomed.info/sct"/>
            <code value="170475009"/>
            <display value="Exposure to Bacillus anthracis (event)"/>
          </coding>
        </valueCodeableConcept>
      </useContext>
      <useContext>
        <code>
          <system value="http://terminology.hl7.org/CodeSystem/usage-context-type"/>
          <code value="focus"/>
          <display value="Clinical Focus"/>
        </code>
        <valueCodeableConcept>
          <coding>
            <system value="http://snomed.info/sct"/>
            <code value="84387000"/>
            <display value="Asymptomatic (finding)"/>
          </coding>
        </valueCodeableConcept>
      </useContext>
      <purpose value="Provides clinicians with information for quickly assessing individuals exposed to anthrax unrelated to occupational exposure, for example in bioterrorism events, and provides the recommended post-exposure prophylaxis (PEP) regimen for asymptomatic patients. Includes immediate treatment with antimicrobials and vaccine and follow-up administration of subsequent vaccines to complete the recommended 3-dose vaccination series."/>
      <usage value="Intended for use by clinicians caring for individuals ≥18 years of age in an outpatient setting."/>
      <approvalDate value="2019-06-07"/>
      <lastReviewDate value="2019-06-07"/>
      <effectivePeriod>
        <start value="2019-06-07"/>
      </effectivePeriod>
      <topic>
        <text value="Anthrax"/>
      </topic>
      <topic>
        <text value="Emergency Medicine"/>
      </topic>
      <topic>
        <text value="Post-Exposure Prophylaxis"/>
      </topic>
      <author>
        <name value="Alliance to Modernize Healthcare FFRDC"/>
      </author>
      <endorser>
        <name value="Centers for Disease Control and Prevention"/>
      </endorser>
      <kind value="MedicationRequest"/>
      <productCodeableConcept>
        <coding>
          <system value="http://www.nlm.nih.gov/research/umls/rxnorm"/>
          <code value="309309"/>
          <display value="Ciprofloxacin 500 MG Oral Tablet"/>
        </coding>
        <text value="Ciprofloxacin 500 MG Oral Tablet"/>
      </productCodeableConcept>
      <quantity>
        <value value="120"/>
        <system value="http://terminology.hl7.org/CodeSystem/v3-orderableDrugForm"/>
        <code value="ORTAB"/>
      </quantity>
      <dosage>
        <text value="One every 12 hours for 60 days"/>
        <additionalInstruction>
          <text value="CONTRAINDICATIONS: Diagnosis of myasthenia gravis and taking tizanidine."/>
        </additionalInstruction>
        <additionalInstruction>
          <text value="CAUTIONS: If patient is taking  blood thinners, oral antidiabetic drugs, seizure drugs, theophylline, drugs that prolong QT interval, duloxetine (Cymbalta), zolpidem (Ambien), clozapine or any other drug that may interact and cause serious side effects, consider another antibiotic regimen."/>
        </additionalInstruction>
        <additionalInstruction>
          <text value="Provide patient education on medications."/>
        </additionalInstruction>
        <patientInstruction value="Take with full glass of water"/>
        <timing>
          <repeat>
            <frequency value="1"/>
            <period value="12"/>
            <periodUnit value="h"/>
          </repeat>
        </timing>
        <route>
          <coding>
            <system value="http://snomed.info/sct"/>
            <code value="26643006"/>
            <display value="Oral Route"/>
          </coding>
        </route>
        <method>
          <coding>
            <system value="http://snomed.info/sct"/>
            <code value="421521009"/>
            <display value="Swallow - dosing instruction imperative (qualifier value)"/>
          </coding>
        </method>
      </dosage>
    </ActivityDefinition>
  </contained>
  <contained>
    <ActivityDefinition>
      <id value="DoxycyclineRequest"/>
      <url value="http://cqframework.org/cpg-example-anthrax/ActivityDefinition/DoxycyclineRequest"/>
      <identifier>
        <value value="Anthrax_Post_Exposure_Prophylaxis_FHIRv102_CQL_v110/DoxycyclineRequest"/>
      </identifier>
      <name value="Anthrax_Post_Exposure_Prophylaxis_Adults_Doxycycline_Request"/>
      <title value="Doxycycline Request"/>
      <status value="draft"/>
      <experimental value="true"/>
      <description value="In 2009, the US Advisory Committee on Immunization Practices recommended in addition to antimicrobial therapy, a 3-dose series of Anthrax Vaccine Adsorbed (AVA) BioThrax (Emergent BioSolutions Inc., Rockville, MD, USA) for long-term protection after exposure to anthrax  in individuals without any previous vaccine. After exposure to aerosolized B. anthracis spores, antimicrobial therapy should be initiated as soon as possible. Ideally, the first dose of vaccine should be administered within 10 days. ACIP recommends a post exposure regimen of 60 days of appropriate antimicrobial prophylaxis (covered previously) combined with 3 subcutaneous doses of AVA (administered at 0, 2, and 4 weeks post exposure) as the most effective protection against inhalation anthrax for previously unvaccinated persons aged ≥18 years who have been exposed to aerosolized B. anthracis spores. In general, the peak serologic response to anthrax vaccine occurs 10–14 days after the third dose. (Wright, J.G et al., Morbidity and Mortality Weekly Report, July 23, 2010 / 59(RR06); 1-30). Additionally, the Advisory Committee on Immunization Practices subsequently reviewed all safety data available as of March 2008, including the final results of a retrospective study, and concluded that AVA is safe to administer to anthrax-exposed women during pregnancy. In the setting of an anthrax event that poses a high risk for exposure to aerosolized B. anthracis spores, pregnancy is neither a precaution nor a contraindication to vaccination. Pregnant women at risk for inhalation anthrax should receive AVA and antimicrobial drug therapy regardless of pregnancy trimester (Meanye-Delman D et al., Emerg Infect Dis, 20(2), 2014)."/>
      <useContext>
        <code>
          <system value="http://terminology.hl7.org/CodeSystem/usage-context-type"/>
          <code value="age"/>
          <display value="Age Range"/>
        </code>
        <valueRange>
          <low>
            <value value="18"/>
          </low>
        </valueRange>
      </useContext>
      <useContext>
        <code>
          <system value="http://terminology.hl7.org/CodeSystem/usage-context-type"/>
          <code value="venue"/>
          <display value="Clinical Venue"/>
        </code>
        <valueCodeableConcept>
          <coding>
            <system value="http://snomed.info/sct"/>
            <code value="440655000"/>
            <display value="Outpatient environment"/>
          </coding>
        </valueCodeableConcept>
      </useContext>
      <useContext>
        <code>
          <system value="http://terminology.hl7.org/CodeSystem/usage-context-type"/>
          <code value="focus"/>
          <display value="Clinical Focus"/>
        </code>
        <valueCodeableConcept>
          <coding>
            <system value="http://hl7.org/fhir/sid/icd-10-cm"/>
            <code value="Z20.810"/>
            <display value="Contact with and (suspected) exposure to anthrax"/>
          </coding>
        </valueCodeableConcept>
      </useContext>
      <useContext>
        <code>
          <system value="http://terminology.hl7.org/CodeSystem/usage-context-type"/>
          <code value="focus"/>
          <display value="Clinical Focus"/>
        </code>
        <valueCodeableConcept>
          <coding>
            <system value="http://snomed.info/sct"/>
            <code value="170475009"/>
            <display value="Exposure to Bacillus anthracis (event)"/>
          </coding>
        </valueCodeableConcept>
      </useContext>
      <useContext>
        <code>
          <system value="http://terminology.hl7.org/CodeSystem/usage-context-type"/>
          <code value="focus"/>
          <display value="Clinical Focus"/>
        </code>
        <valueCodeableConcept>
          <coding>
            <system value="http://snomed.info/sct"/>
            <code value="84387000"/>
            <display value="Asymptomatic (finding)"/>
          </coding>
        </valueCodeableConcept>
      </useContext>
      <purpose value="Provides clinicians with information for quickly assessing individuals exposed to anthrax unrelated to occupational exposure, for example in bioterrorism events, and provides the recommended post-exposure prophylaxis (PEP) regimen for asymptomatic patients. Includes immediate treatment with antimicrobials and vaccine and follow-up administration of subsequent vaccines to complete the recommended 3-dose vaccination series."/>
      <usage value="Intended for use by clinicians caring for individuals ≥18 years of age in an outpatient setting."/>
      <approvalDate value="2019-06-07"/>
      <lastReviewDate value="2019-06-07"/>
      <effectivePeriod>
        <start value="2019-06-07"/>
      </effectivePeriod>
      <topic>
        <text value="Anthrax"/>
      </topic>
      <topic>
        <text value="Emergency Medicine"/>
      </topic>
      <topic>
        <text value="Post-Exposure Prophylaxis"/>
      </topic>
      <author>
        <name value="Alliance to Modernize Healthcare FFRDC"/>
      </author>
      <endorser>
        <name value="Centers for Disease Control and Prevention"/>
      </endorser>
      <kind value="MedicationRequest"/>
      <productCodeableConcept>
        <coding>
          <system value="http://www.nlm.nih.gov/research/umls/rxnorm"/>
          <code value="1650143"/>
          <display value="doxycycline hyclate 100 MG Oral Tablet"/>
        </coding>
        <text value="doxycycline hyclate 100 MG Oral Tablet"/>
      </productCodeableConcept>
      <quantity>
        <value value="120"/>
        <system value="http://terminology.hl7.org/CodeSystem/v3-orderableDrugForm"/>
        <code value="ORTAB"/>
      </quantity>
      <dosage>
        <text value="One every 12 hours for 60 days"/>
        <additionalInstruction>
          <text value="CAUTIONS: If patient is taking  blood thinners, oral antidiabetic drugs, seizure drugs, or any other drug that may interact and cause serious side effects, consider another antibiotic regimen."/>
        </additionalInstruction>
        <additionalInstruction>
          <text value="Provide patient education on medications."/>
        </additionalInstruction>
        <patientInstruction value="Take with full glass of water"/>
        <timing>
          <repeat>
            <frequency value="1"/>
            <period value="12"/>
            <periodUnit value="h"/>
          </repeat>
        </timing>
        <route>
          <coding>
            <system value="http://snomed.info/sct"/>
            <code value="26643006"/>
            <display value="Oral Route"/>
          </coding>
        </route>
        <method>
          <coding>
            <system value="http://snomed.info/sct"/>
            <code value="421521009"/>
            <display value="Swallow - dosing instruction imperative (qualifier value)"/>
          </coding>
        </method>
      </dosage>
    </ActivityDefinition>
  </contained>
  <contained>
    <ActivityDefinition>
      <id value="LevofloxacinRequest"/>
      <url value="http://cqframework.org/cpg-example-anthrax/ActivityDefinition/LevofloxacinRequest"/>
      <identifier>
        <value value="Anthrax_Post_Exposure_Prophylaxis_FHIRv102_CQL_v110/LevofloxacinRequest"/>
      </identifier>
      <name value="Anthrax_Post_Exposure_Prophylaxis_Adults_Levofloxacin_Request"/>
      <title value="Levofloxacin Request"/>
      <status value="draft"/>
      <experimental value="true"/>
      <description value="In 2009, the US Advisory Committee on Immunization Practices recommended in addition to antimicrobial therapy, a 3-dose series of Anthrax Vaccine Adsorbed (AVA) BioThrax (Emergent BioSolutions Inc., Rockville, MD, USA) for long-term protection after exposure to anthrax  in individuals without any previous vaccine. After exposure to aerosolized B. anthracis spores, antimicrobial therapy should be initiated as soon as possible. Ideally, the first dose of vaccine should be administered within 10 days. ACIP recommends a post exposure regimen of 60 days of appropriate antimicrobial prophylaxis (covered previously) combined with 3 subcutaneous doses of AVA (administered at 0, 2, and 4 weeks post exposure) as the most effective protection against inhalation anthrax for previously unvaccinated persons aged ≥18 years who have been exposed to aerosolized B. anthracis spores. In general, the peak serologic response to anthrax vaccine occurs 10–14 days after the third dose. (Wright, J.G et al., Morbidity and Mortality Weekly Report, July 23, 2010 / 59(RR06); 1-30). Additionally, the Advisory Committee on Immunization Practices subsequently reviewed all safety data available as of March 2008, including the final results of a retrospective study, and concluded that AVA is safe to administer to anthrax-exposed women during pregnancy. In the setting of an anthrax event that poses a high risk for exposure to aerosolized B. anthracis spores, pregnancy is neither a precaution nor a contraindication to vaccination. Pregnant women at risk for inhalation anthrax should receive AVA and antimicrobial drug therapy regardless of pregnancy trimester (Meanye-Delman D et al., Emerg Infect Dis, 20(2), 2014)."/>
      <useContext>
        <code>
          <system value="http://terminology.hl7.org/CodeSystem/usage-context-type"/>
          <code value="age"/>
          <display value="Age Range"/>
        </code>
        <valueRange>
          <low>
            <value value="18"/>
          </low>
        </valueRange>
      </useContext>
      <useContext>
        <code>
          <system value="http://terminology.hl7.org/CodeSystem/usage-context-type"/>
          <code value="venue"/>
          <display value="Clinical Venue"/>
        </code>
        <valueCodeableConcept>
          <coding>
            <system value="http://snomed.info/sct"/>
            <code value="440655000"/>
            <display value="Outpatient environment"/>
          </coding>
        </valueCodeableConcept>
      </useContext>
      <useContext>
        <code>
          <system value="http://terminology.hl7.org/CodeSystem/usage-context-type"/>
          <code value="focus"/>
          <display value="Clinical Focus"/>
        </code>
        <valueCodeableConcept>
          <coding>
            <system value="http://hl7.org/fhir/sid/icd-10-cm"/>
            <code value="Z20.810"/>
            <display value="Contact with and (suspected) exposure to anthrax"/>
          </coding>
        </valueCodeableConcept>
      </useContext>
      <useContext>
        <code>
          <system value="http://terminology.hl7.org/CodeSystem/usage-context-type"/>
          <code value="focus"/>
          <display value="Clinical Focus"/>
        </code>
        <valueCodeableConcept>
          <coding>
            <system value="http://snomed.info/sct"/>
            <code value="170475009"/>
            <display value="Exposure to Bacillus anthracis (event)"/>
          </coding>
        </valueCodeableConcept>
      </useContext>
      <useContext>
        <code>
          <system value="http://terminology.hl7.org/CodeSystem/usage-context-type"/>
          <code value="focus"/>
          <display value="Clinical Focus"/>
        </code>
        <valueCodeableConcept>
          <coding>
            <system value="http://snomed.info/sct"/>
            <code value="84387000"/>
            <display value="Asymptomatic (finding)"/>
          </coding>
        </valueCodeableConcept>
      </useContext>
      <purpose value="Provides clinicians with information for quickly assessing individuals exposed to anthrax unrelated to occupational exposure, for example in bioterrorism events, and provides the recommended post-exposure prophylaxis (PEP) regimen for asymptomatic patients. Includes immediate treatment with antimicrobials and vaccine and follow-up administration of subsequent vaccines to complete the recommended 3-dose vaccination series."/>
      <usage value="Intended for use by clinicians caring for individuals ≥18 years of age in an outpatient setting."/>
      <approvalDate value="2019-06-07"/>
      <lastReviewDate value="2019-06-07"/>
      <effectivePeriod>
        <start value="2019-06-07"/>
      </effectivePeriod>
      <topic>
        <text value="Anthrax"/>
      </topic>
      <topic>
        <text value="Emergency Medicine"/>
      </topic>
      <topic>
        <text value="Post-Exposure Prophylaxis"/>
      </topic>
      <author>
        <name value="Alliance to Modernize Healthcare FFRDC"/>
      </author>
      <endorser>
        <name value="Centers for Disease Control and Prevention"/>
      </endorser>
      <kind value="MedicationRequest"/>
      <productCodeableConcept>
        <coding>
          <system value="http://www.nlm.nih.gov/research/umls/rxnorm"/>
          <code value="311296"/>
          <display value="Levofloxacin 750 MG Oral Tablet"/>
        </coding>
        <text value="Levofloxacin 750 MG Oral Tablet"/>
      </productCodeableConcept>
      <quantity>
        <value value="60"/>
        <system value="http://terminology.hl7.org/CodeSystem/v3-orderableDrugForm"/>
        <code value="ORTAB"/>
      </quantity>
      <dosage>
        <text value="One every day for 60 days"/>
        <additionalInstruction>
          <text value="none"/>
        </additionalInstruction>
        <timing>
          <repeat>
            <frequency value="1"/>
            <period value="1"/>
            <periodUnit value="d"/>
          </repeat>
        </timing>
        <route>
          <coding>
            <system value="http://snomed.info/sct"/>
            <code value="26643006"/>
            <display value="Oral Route"/>
          </coding>
        </route>
        <method>
          <coding>
            <system value="http://snomed.info/sct"/>
            <code value="421521009"/>
            <display value="Swallow - dosing instruction imperative (qualifier value)"/>
          </coding>
        </method>
      </dosage>
    </ActivityDefinition>
  </contained>
  <contained>
    <ActivityDefinition>
      <id value="MoxifloxacinRequest"/>
      <url value="http://cqframework.org/cpg-example-anthrax/ActivityDefinition/MoxifloxacinRequest"/>
      <identifier>
        <value value="Anthrax_Post_Exposure_Prophylaxis_FHIRv102_CQL_v110/MoxifloxacinRequest"/>
      </identifier>
      <name value="Anthrax_Post_Exposure_Prophylaxis_Adults_Moxifloxacin_Request"/>
      <title value="Moxifloxacin Request"/>
      <status value="draft"/>
      <experimental value="true"/>
      <description value="In 2009, the US Advisory Committee on Immunization Practices recommended in addition to antimicrobial therapy, a 3-dose series of Anthrax Vaccine Adsorbed (AVA) BioThrax (Emergent BioSolutions Inc., Rockville, MD, USA) for long-term protection after exposure to anthrax  in individuals without any previous vaccine. After exposure to aerosolized B. anthracis spores, antimicrobial therapy should be initiated as soon as possible. Ideally, the first dose of vaccine should be administered within 10 days. ACIP recommends a post exposure regimen of 60 days of appropriate antimicrobial prophylaxis (covered previously) combined with 3 subcutaneous doses of AVA (administered at 0, 2, and 4 weeks post exposure) as the most effective protection against inhalation anthrax for previously unvaccinated persons aged ≥18 years who have been exposed to aerosolized B. anthracis spores. In general, the peak serologic response to anthrax vaccine occurs 10–14 days after the third dose. (Wright, J.G et al., Morbidity and Mortality Weekly Report, July 23, 2010 / 59(RR06); 1-30). Additionally, the Advisory Committee on Immunization Practices subsequently reviewed all safety data available as of March 2008, including the final results of a retrospective study, and concluded that AVA is safe to administer to anthrax-exposed women during pregnancy. In the setting of an anthrax event that poses a high risk for exposure to aerosolized B. anthracis spores, pregnancy is neither a precaution nor a contraindication to vaccination. Pregnant women at risk for inhalation anthrax should receive AVA and antimicrobial drug therapy regardless of pregnancy trimester (Meanye-Delman D et al., Emerg Infect Dis, 20(2), 2014)."/>
      <useContext>
        <code>
          <system value="http://terminology.hl7.org/CodeSystem/usage-context-type"/>
          <code value="age"/>
          <display value="Age Range"/>
        </code>
        <valueRange>
          <low>
            <value value="18"/>
          </low>
        </valueRange>
      </useContext>
      <useContext>
        <code>
          <system value="http://terminology.hl7.org/CodeSystem/usage-context-type"/>
          <code value="venue"/>
          <display value="Clinical Venue"/>
        </code>
        <valueCodeableConcept>
          <coding>
            <system value="http://snomed.info/sct"/>
            <code value="440655000"/>
            <display value="Outpatient environment"/>
          </coding>
        </valueCodeableConcept>
      </useContext>
      <useContext>
        <code>
          <system value="http://terminology.hl7.org/CodeSystem/usage-context-type"/>
          <code value="focus"/>
          <display value="Clinical Focus"/>
        </code>
        <valueCodeableConcept>
          <coding>
            <system value="http://hl7.org/fhir/sid/icd-10-cm"/>
            <code value="Z20.810"/>
            <display value="Contact with and (suspected) exposure to anthrax"/>
          </coding>
        </valueCodeableConcept>
      </useContext>
      <useContext>
        <code>
          <system value="http://terminology.hl7.org/CodeSystem/usage-context-type"/>
          <code value="focus"/>
          <display value="Clinical Focus"/>
        </code>
        <valueCodeableConcept>
          <coding>
            <system value="http://snomed.info/sct"/>
            <code value="170475009"/>
            <display value="Exposure to Bacillus anthracis (event)"/>
          </coding>
        </valueCodeableConcept>
      </useContext>
      <useContext>
        <code>
          <system value="http://terminology.hl7.org/CodeSystem/usage-context-type"/>
          <code value="focus"/>
          <display value="Clinical Focus"/>
        </code>
        <valueCodeableConcept>
          <coding>
            <system value="http://snomed.info/sct"/>
            <code value="84387000"/>
            <display value="Asymptomatic (finding)"/>
          </coding>
        </valueCodeableConcept>
      </useContext>
      <purpose value="Provides clinicians with information for quickly assessing individuals exposed to anthrax unrelated to occupational exposure, for example in bioterrorism events, and provides the recommended post-exposure prophylaxis (PEP) regimen for asymptomatic patients. Includes immediate treatment with antimicrobials and vaccine and follow-up administration of subsequent vaccines to complete the recommended 3-dose vaccination series."/>
      <usage value="Intended for use by clinicians caring for individuals ≥18 years of age in an outpatient setting."/>
      <approvalDate value="2019-06-07"/>
      <lastReviewDate value="2019-06-07"/>
      <effectivePeriod>
        <start value="2019-06-07"/>
      </effectivePeriod>
      <topic>
        <text value="Anthrax"/>
      </topic>
      <topic>
        <text value="Emergency Medicine"/>
      </topic>
      <topic>
        <text value="Post-Exposure Prophylaxis"/>
      </topic>
      <author>
        <name value="Alliance to Modernize Healthcare FFRDC"/>
      </author>
      <endorser>
        <name value="Centers for Disease Control and Prevention"/>
      </endorser>
      <kind value="MedicationRequest"/>
      <productCodeableConcept>
        <coding>
          <system value="http://www.nlm.nih.gov/research/umls/rxnorm"/>
          <code value="311787"/>
          <display value="moxifloxacin HCl 400 MG Oral Tablet"/>
        </coding>
        <text value="moxifloxacin HCl 400 MG Oral Tablet"/>
      </productCodeableConcept>
      <quantity>
        <value value="60"/>
        <system value="http://terminology.hl7.org/CodeSystem/v3-orderableDrugForm"/>
        <code value="ORTAB"/>
      </quantity>
      <dosage>
        <text value="One every day for 60 days"/>
        <additionalInstruction>
          <text value="none"/>
        </additionalInstruction>
        <timing>
          <repeat>
            <frequency value="1"/>
            <period value="1"/>
            <periodUnit value="d"/>
          </repeat>
        </timing>
        <route>
          <coding>
            <system value="http://snomed.info/sct"/>
            <code value="26643006"/>
            <display value="Oral Route"/>
          </coding>
        </route>
        <method>
          <coding>
            <system value="http://snomed.info/sct"/>
            <code value="421521009"/>
            <display value="Swallow - dosing instruction imperative (qualifier value)"/>
          </coding>
        </method>
      </dosage>
    </ActivityDefinition>
  </contained>
  <contained>
    <ActivityDefinition>
      <id value="ClindamycinRequest"/>
      <url value="http://cqframework.org/cpg-example-anthrax/ActivityDefinition/ClindamycinRequest"/>
      <identifier>
        <value value="Anthrax_Post_Exposure_Prophylaxis_FHIRv102_CQL_v110/ClindamycinRequest"/>
      </identifier>
      <name value="Anthrax_Post_Exposure_Prophylaxis_Adults_Clindamycin_Request"/>
      <title value="Clindamycin Request"/>
      <status value="draft"/>
      <experimental value="true"/>
      <description value="In 2009, the US Advisory Committee on Immunization Practices recommended in addition to antimicrobial therapy, a 3-dose series of Anthrax Vaccine Adsorbed (AVA) BioThrax (Emergent BioSolutions Inc., Rockville, MD, USA) for long-term protection after exposure to anthrax  in individuals without any previous vaccine. After exposure to aerosolized B. anthracis spores, antimicrobial therapy should be initiated as soon as possible. Ideally, the first dose of vaccine should be administered within 10 days. ACIP recommends a post exposure regimen of 60 days of appropriate antimicrobial prophylaxis (covered previously) combined with 3 subcutaneous doses of AVA (administered at 0, 2, and 4 weeks post exposure) as the most effective protection against inhalation anthrax for previously unvaccinated persons aged ≥18 years who have been exposed to aerosolized B. anthracis spores. In general, the peak serologic response to anthrax vaccine occurs 10–14 days after the third dose. (Wright, J.G et al., Morbidity and Mortality Weekly Report, July 23, 2010 / 59(RR06); 1-30). Additionally, the Advisory Committee on Immunization Practices subsequently reviewed all safety data available as of March 2008, including the final results of a retrospective study, and concluded that AVA is safe to administer to anthrax-exposed women during pregnancy. In the setting of an anthrax event that poses a high risk for exposure to aerosolized B. anthracis spores, pregnancy is neither a precaution nor a contraindication to vaccination. Pregnant women at risk for inhalation anthrax should receive AVA and antimicrobial drug therapy regardless of pregnancy trimester (Meanye-Delman D et al., Emerg Infect Dis, 20(2), 2014)."/>
      <useContext>
        <code>
          <system value="http://terminology.hl7.org/CodeSystem/usage-context-type"/>
          <code value="age"/>
          <display value="Age Range"/>
        </code>
        <valueRange>
          <low>
            <value value="18"/>
          </low>
        </valueRange>
      </useContext>
      <useContext>
        <code>
          <system value="http://terminology.hl7.org/CodeSystem/usage-context-type"/>
          <code value="venue"/>
          <display value="Clinical Venue"/>
        </code>
        <valueCodeableConcept>
          <coding>
            <system value="http://snomed.info/sct"/>
            <code value="440655000"/>
            <display value="Outpatient environment"/>
          </coding>
        </valueCodeableConcept>
      </useContext>
      <useContext>
        <code>
          <system value="http://terminology.hl7.org/CodeSystem/usage-context-type"/>
          <code value="focus"/>
          <display value="Clinical Focus"/>
        </code>
        <valueCodeableConcept>
          <coding>
            <system value="http://hl7.org/fhir/sid/icd-10-cm"/>
            <code value="Z20.810"/>
            <display value="Contact with and (suspected) exposure to anthrax"/>
          </coding>
        </valueCodeableConcept>
      </useContext>
      <useContext>
        <code>
          <system value="http://terminology.hl7.org/CodeSystem/usage-context-type"/>
          <code value="focus"/>
          <display value="Clinical Focus"/>
        </code>
        <valueCodeableConcept>
          <coding>
            <system value="http://snomed.info/sct"/>
            <code value="170475009"/>
            <display value="Exposure to Bacillus anthracis (event)"/>
          </coding>
        </valueCodeableConcept>
      </useContext>
      <useContext>
        <code>
          <system value="http://terminology.hl7.org/CodeSystem/usage-context-type"/>
          <code value="focus"/>
          <display value="Clinical Focus"/>
        </code>
        <valueCodeableConcept>
          <coding>
            <system value="http://snomed.info/sct"/>
            <code value="84387000"/>
            <display value="Asymptomatic (finding)"/>
          </coding>
        </valueCodeableConcept>
      </useContext>
      <purpose value="Provides clinicians with information for quickly assessing individuals exposed to anthrax unrelated to occupational exposure, for example in bioterrorism events, and provides the recommended post-exposure prophylaxis (PEP) regimen for asymptomatic patients. Includes immediate treatment with antimicrobials and vaccine and follow-up administration of subsequent vaccines to complete the recommended 3-dose vaccination series."/>
      <usage value="Intended for use by clinicians caring for individuals ≥18 years of age in an outpatient setting."/>
      <approvalDate value="2019-06-07"/>
      <lastReviewDate value="2019-06-07"/>
      <effectivePeriod>
        <start value="2019-06-07"/>
      </effectivePeriod>
      <topic>
        <text value="Anthrax"/>
      </topic>
      <topic>
        <text value="Emergency Medicine"/>
      </topic>
      <topic>
        <text value="Post-Exposure Prophylaxis"/>
      </topic>
      <author>
        <name value="Alliance to Modernize Healthcare FFRDC"/>
      </author>
      <endorser>
        <name value="Centers for Disease Control and Prevention"/>
      </endorser>
      <kind value="MedicationRequest"/>
      <productCodeableConcept>
        <coding>
          <system value="http://www.nlm.nih.gov/research/umls/rxnorm"/>
          <code value="284215"/>
          <display value="clindamycin HCl 300 MG Oral Capsule"/>
        </coding>
        <text value="clindamycin HCl 300 MG Oral Capsule"/>
      </productCodeableConcept>
      <quantity>
        <value value="360"/>
        <system value="http://terminology.hl7.org/CodeSystem/v3-orderableDrugForm"/>
        <code value="ORTAB"/>
      </quantity>
      <dosage>
        <text value="Two tablets every 8 hours for 60 days"/>
        <additionalInstruction>
          <text value="none"/>
        </additionalInstruction>
        <timing>
          <repeat>
            <frequency value="2"/>
            <period value="8"/>
            <periodUnit value="h"/>
          </repeat>
        </timing>
        <route>
          <coding>
            <system value="http://snomed.info/sct"/>
            <code value="26643006"/>
            <display value="Oral Route"/>
          </coding>
        </route>
        <method>
          <coding>
            <system value="http://snomed.info/sct"/>
            <code value="421521009"/>
            <display value="Swallow - dosing instruction imperative (qualifier value)"/>
          </coding>
        </method>
      </dosage>
    </ActivityDefinition>
  </contained>
  <contained>
    <ActivityDefinition>
      <id value="Inline-Vaccine-Request-11"/>
      <url value="http://cqframework.org/cpg-example-anthrax/ActivityDefinition/Inline-Vaccine-Request-11"/>
      <identifier>
        <value value="Anthrax_Post_Exposure_Prophylaxis_FHIRv102_CQL_v110/VaccineRequest"/>
      </identifier>
      <name value="Anthrax_Post_Exposure_Prophylaxis_Adults_Vaccine_Request"/>
      <title value="Anthrax Post Exposure Prophylaxis (PEP) for Adults: Vaccine Request"/>
      <status value="draft"/>
      <experimental value="true"/>
      <description value="In 2009, the US Advisory Committee on Immunization Practices recommended in addition to antimicrobial therapy, a 3-dose series of Anthrax Vaccine Adsorbed (AVA) BioThrax (Emergent BioSolutions Inc., Rockville, MD, USA) for long-term protection after exposure to anthrax  in individuals without any previous vaccine. After exposure to aerosolized B. anthracis spores, antimicrobial therapy should be initiated as soon as possible. Ideally, the first dose of vaccine should be administered within 10 days. ACIP recommends a post exposure regimen of 60 days of appropriate antimicrobial prophylaxis (covered previously) combined with 3 subcutaneous doses of AVA (administered at 0, 2, and 4 weeks post exposure) as the most effective protection against inhalation anthrax for previously unvaccinated persons aged ≥18 years who have been exposed to aerosolized B. anthracis spores. In general, the peak serologic response to anthrax vaccine occurs 10–14 days after the third dose. (Wright, J.G et al., Morbidity and Mortality Weekly Report, July 23, 2010 / 59(RR06); 1-30). Additionally, the Advisory Committee on Immunization Practices subsequently reviewed all safety data available as of March 2008, including the final results of a retrospective study, and concluded that AVA is safe to administer to anthrax-exposed women during pregnancy. In the setting of an anthrax event that poses a high risk for exposure to aerosolized B. anthracis spores, pregnancy is neither a precaution nor a contraindication to vaccination. Pregnant women at risk for inhalation anthrax should receive AVA and antimicrobial drug therapy regardless of pregnancy trimester (Meanye-Delman D et al., Emerg Infect Dis, 20(2), 2014)."/>
      <useContext>
        <code>
          <system value="http://terminology.hl7.org/CodeSystem/usage-context-type"/>
          <code value="age"/>
          <display value="Age Range"/>
        </code>
        <valueRange>
          <low>
            <value value="18"/>
          </low>
        </valueRange>
      </useContext>
      <useContext>
        <code>
          <system value="http://terminology.hl7.org/CodeSystem/usage-context-type"/>
          <code value="venue"/>
          <display value="Clinical Venue"/>
        </code>
        <valueCodeableConcept>
          <coding>
            <system value="http://snomed.info/sct"/>
            <code value="440655000"/>
            <display value="Outpatient environment"/>
          </coding>
        </valueCodeableConcept>
      </useContext>
      <useContext>
        <code>
          <system value="http://terminology.hl7.org/CodeSystem/usage-context-type"/>
          <code value="focus"/>
          <display value="Clinical Focus"/>
        </code>
        <valueCodeableConcept>
          <coding>
            <system value="http://hl7.org/fhir/sid/icd-10-cm"/>
            <code value="Z20.810"/>
            <display value="Contact with and (suspected) exposure to anthrax"/>
          </coding>
        </valueCodeableConcept>
      </useContext>
      <useContext>
        <code>
          <system value="http://terminology.hl7.org/CodeSystem/usage-context-type"/>
          <code value="focus"/>
          <display value="Clinical Focus"/>
        </code>
        <valueCodeableConcept>
          <coding>
            <system value="http://snomed.info/sct"/>
            <code value="170475009"/>
            <display value="Exposure to Bacillus anthracis (event)"/>
          </coding>
        </valueCodeableConcept>
      </useContext>
      <useContext>
        <code>
          <system value="http://terminology.hl7.org/CodeSystem/usage-context-type"/>
          <code value="focus"/>
          <display value="Clinical Focus"/>
        </code>
        <valueCodeableConcept>
          <coding>
            <system value="http://snomed.info/sct"/>
            <code value="84387000"/>
            <display value="Asymptomatic (finding)"/>
          </coding>
        </valueCodeableConcept>
      </useContext>
      <purpose value="Provides clinicians with information for quickly assessing individuals exposed to anthrax unrelated to occupational exposure, for example in bioterrorism events, and provides the recommended post-exposure prophylaxis (PEP) regimen for asymptomatic patients. Includes immediate treatment with antimicrobials and vaccine and follow-up administration of subsequent vaccines to complete the recommended 3-dose vaccination series."/>
      <usage value="Intended for use by clinicians caring for individuals ≥18 years of age in an outpatient setting."/>
      <approvalDate value="2019-06-07"/>
      <lastReviewDate value="2019-06-07"/>
      <effectivePeriod>
        <start value="2019-06-07"/>
      </effectivePeriod>
      <topic>
        <text value="Anthrax"/>
      </topic>
      <topic>
        <text value="Emergency Medicine"/>
      </topic>
      <topic>
        <text value="Post-Exposure Prophylaxis"/>
      </topic>
      <author>
        <name value="Alliance to Modernize Healthcare FFRDC"/>
      </author>
      <endorser>
        <name value="Centers for Disease Control and Prevention"/>
      </endorser>
      <kind value="ImmunizationRecommendation"/>
      <code>
        <coding>
          <system value="http://snomed.info/sct"/>
          <code value="49598002"/>
          <display value="Anthrax vaccination"/>
        </coding>
        <coding>
          <system value="http://snomed.info/sct"/>
          <code value="170340005"/>
          <display value="Third anthrax vaccination"/>
        </coding>
      </code>
      <productCodeableConcept>
        <coding>
          <system value="http://hl7.org/fhir/sid/cvx"/>
          <code value="24"/>
          <display value="Anthrax vaccine"/>
        </coding>
      </productCodeableConcept>
      <dosage>
        <text value="0.5mL"/>
        <additionalInstruction>
          <text value="Epinephrine solution (1:1000) should be available for immediate use in the event that an anaphylactic reaction occurs."/>
        </additionalInstruction>
        <route>
          <coding>
            <system value="http://snomed.info/sct"/>
            <code value="34206005"/>
            <display value="Subcutaneous route"/>
          </coding>
        </route>
        <doseAndRate>
          <doseQuantity>
            <value value="0.5"/>
            <unit value="mL"/>
            <system value="http://unitsofmeasure.org"/>
            <code value="mL"/>
          </doseQuantity>
        </doseAndRate>
      </dosage>
    </ActivityDefinition>
  </contained>
  <url value="http://cqframework.org/cpg-example-anthrax/PlanDefinition/third-vaccinedose-notpregnant-pd"/>
  <identifier>
    <value value="Anthrax_Post_Exposure_Prophylaxis_FHIRv102_CQL_v110/OrderSet"/>
  </identifier>
  <version value="1.1.0"/>
  <name value="Anthrax_Post_Exposure_Prophylaxis_Adults"/>
  <title value="Third vaccine not pregnant"/>
  <type>
    <coding>
      <system value="http://terminology.hl7.org/CodeSystem/plan-definition-type"/>
      <code value="eca-rule"/>
      <display value="ECA Rule"/>
    </coding>
    <coding>
      <system value="http://terminology.hl7.org/CodeSystem/plan-definition-type"/>
      <code value="order-set"/>
      <display value="Order Set"/>
    </coding>
  </type>
  <status value="draft"/>
  <experimental value="true"/>
  <date value="2024-11-18T16:43:41+00:00"/>
  <publisher value="HL7 International - Clinical Decision Support WG"/>
  <contact>
    <name value="HL7 International - Clinical Decision Support WG"/>
    <telecom>
      <system value="url"/>
      <value value="http://www.hl7.org/Special/committees/dss/index.cfm"/>
    </telecom>
  </contact>
  <description value="Provides information for treating patients greater than or equal to 18 years old exposed to anthrax within the past 60 days, who do not have anthrax. It is divided into two parts: \n- Part #1: For patients that may be symptomatic to flag the need to conduct a full diagnostic evaluation to rule out anthrax before proceeding with post-exposure prophylaxis (PEP) \n- Part #2: For patients  who are  asymptomatic (not displaying signs and symptoms of anthrax), it provides recommended PEP regimen"/>
  <useContext>
    <code>
      <system value="http://terminology.hl7.org/CodeSystem/usage-context-type"/>
      <code value="age"/>
      <display value="Age Range"/>
    </code>
    <valueRange>
      <low>
        <value value="18"/>
      </low>
    </valueRange>
  </useContext>
  <useContext>
    <code>
      <system value="http://terminology.hl7.org/CodeSystem/usage-context-type"/>
      <code value="venue"/>
      <display value="Clinical Venue"/>
    </code>
    <valueCodeableConcept>
      <coding>
        <system value="http://snomed.info/sct"/>
        <code value="440655000"/>
        <display value="Outpatient environment"/>
      </coding>
    </valueCodeableConcept>
  </useContext>
  <useContext>
    <code>
      <system value="http://terminology.hl7.org/CodeSystem/usage-context-type"/>
      <code value="focus"/>
      <display value="Clinical Focus"/>
    </code>
    <valueCodeableConcept>
      <coding>
        <system value="http://hl7.org/fhir/sid/icd-10-cm"/>
        <code value="Z20.810"/>
        <display value="Contact with and (suspected) exposure to anthrax"/>
      </coding>
    </valueCodeableConcept>
  </useContext>
  <useContext>
    <code>
      <system value="http://terminology.hl7.org/CodeSystem/usage-context-type"/>
      <code value="focus"/>
      <display value="Clinical Focus"/>
    </code>
    <valueCodeableConcept>
      <coding>
        <system value="http://snomed.info/sct"/>
        <code value="170475009"/>
        <display value="Exposure to Bacillus anthracis (event)"/>
      </coding>
    </valueCodeableConcept>
  </useContext>
  <useContext>
    <code>
      <system value="http://terminology.hl7.org/CodeSystem/usage-context-type"/>
      <code value="focus"/>
      <display value="Clinical Focus"/>
    </code>
    <valueCodeableConcept>
      <coding>
        <system value="http://snomed.info/sct"/>
        <code value="84387000"/>
        <display value="Asymptomatic (finding)"/>
      </coding>
    </valueCodeableConcept>
  </useContext>
  <jurisdiction>
    <coding>
      <system value="http://unstats.un.org/unsd/methods/m49/m49.htm"/>
      <code value="001"/>
      <display value="World"/>
    </coding>
  </jurisdiction>
  <purpose value="Provides clinicians with information for quickly assessing individuals exposed to anthrax unrelated to occupational exposure, for example in bioterrorism events, and provides the recommended post-exposure prophylaxis (PEP) regimen for asymptomatic patients. Includes immediate treatment with antimicrobials and vaccine and follow-up administration of subsequent vaccines to complete the recommended 3-dose vaccination series."/>
  <usage value="Intended for use by clinicians caring for individuals ≥18 years of age in an outpatient setting."/>
  <approvalDate value="2019-06-07"/>
  <lastReviewDate value="2019-06-07"/>
  <effectivePeriod>
    <start value="2019-06-07"/>
  </effectivePeriod>
  <topic>
    <text value="Anthrax"/>
  </topic>
  <topic>
    <text value="Emergency Medicine"/>
  </topic>
  <topic>
    <text value="Post-Exposure Prophylaxis"/>
  </topic>
  <author>
    <name value="Alliance to Modernize Healthcare FFRDC"/>
  </author>
  <endorser>
    <name value="Centers for Disease Control and Prevention"/>
  </endorser>
  <library value="http://cqframework.org/cpg-example-anthrax/Library/anthrax-post-exposure-prophylaxis-library"/>
  <action>
    <title value="Anthrax Post Exposure Prophylaxis 14"/>
    <trigger>
      <type value="data-added"/>
      <data>
        <type value="Condition"/>
        <codeFilter>
          <path value="code"/>
          <code>
            <system value="http://hl7.org/fhir/sid/icd-10-cm"/>
            <code value="Z20.810"/>
            <display value="Contact with and (suspected) exposure to anthrax"/>
          </code>
          <code>
            <system value="http://snomed.info/sct"/>
            <code value="170475009"/>
            <display value="Exposure to Bacillus anthracis (event)"/>
          </code>
        </codeFilter>
      </data>
    </trigger>
    <trigger>
      <type value="data-added"/>
      <data>
        <type value="Observation"/>
        <codeFilter>
          <path value="code"/>
          <code>
            <system value="http://hl7.org/fhir/sid/icd-10-cm"/>
            <code value="Z20.810"/>
            <display value="Contact with and (suspected) exposure to anthrax"/>
          </code>
          <code>
            <system value="http://snomed.info/sct"/>
            <code value="170475009"/>
            <display value="Exposure to Bacillus anthracis (event)"/>
          </code>
          <code>
            <system value="http://snomed.info/sct"/>
            <code value="84387000"/>
            <display value="Asymptomatic (finding)"/>
          </code>
        </codeFilter>
      </data>
    </trigger>
    <condition>
      <kind value="applicability"/>
      <expression>
        <language value="text/cql"/>
        <expression value="GenerateOrderSet"/>
      </expression>
    </condition>
    <groupingBehavior value="logical-group"/>
    <selectionBehavior value="any"/>
    <action>
      <title value="Antimicrobial medications for anthrax post-exposure prophylaxis"/>
      <groupingBehavior value="visual-group"/>
      <selectionBehavior value="at-most-one"/>
      <action>
        <title value="First line antimicrobial medications for anthrax post-exposure prophylaxis"/>
        <groupingBehavior value="visual-group"/>
        <selectionBehavior value="at-most-one"/>
        <action>
          <type>
            <coding>
              <system value="http://terminology.hl7.org/CodeSystem/action-type"/>
              <code value="create"/>
              <display value="Create"/>
            </coding>
          </type>
          <definitionCanonical value="#CiprofloxacinRequest"/>
        </action>
        <action>
          <type>
            <coding>
              <system value="http://terminology.hl7.org/CodeSystem/action-type"/>
              <code value="create"/>
              <display value="Create"/>
            </coding>
          </type>
          <definitionCanonical value="#DoxycyclineRequest"/>
        </action>
      </action>
      <action>
        <title value="Second line antimicrobial medications for anthrax post-exposure prophylaxis"/>
        <groupingBehavior value="visual-group"/>
        <selectionBehavior value="at-most-one"/>
        <action>
          <type>
            <coding>
              <system value="http://terminology.hl7.org/CodeSystem/action-type"/>
              <code value="create"/>
              <display value="Create"/>
            </coding>
          </type>
          <definitionCanonical value="#LevofloxacinRequest"/>
        </action>
        <action>
          <type>
            <coding>
              <system value="http://terminology.hl7.org/CodeSystem/action-type"/>
              <code value="create"/>
              <display value="Create"/>
            </coding>
          </type>
          <definitionCanonical value="#MoxifloxacinRequest"/>
        </action>
        <action>
          <type>
            <coding>
              <system value="http://terminology.hl7.org/CodeSystem/action-type"/>
              <code value="create"/>
              <display value="Create"/>
            </coding>
          </type>
          <definitionCanonical value="#ClindamycinRequest"/>
        </action>
      </action>
    </action>
    <action>
      <title value="Anthrax Vaccination - 3rd dose"/>
      <type>
        <coding>
          <system value="http://terminology.hl7.org/CodeSystem/action-type"/>
          <code value="create"/>
          <display value="Create"/>
        </coding>
      </type>
      <definitionCanonical value="#Inline-Vaccine-Request-11"/>
    </action>
  </action>
</PlanDefinition>