<?xml version="1.0" encoding="UTF-8"?><PlanDefinition xmlns="http://hl7.org/fhir"><id value="second-vaccinedose-pregnant-pd"/><contained><ActivityDefinition><id value="Inline-Ciprofloxacin-Request-5"/><url value="http://cqframework.org/cpg-example-anthrax/ActivityDefinition/Inline-Ciprofloxacin-Request-5"/><identifier><value value="Anthrax_Post_Exposure_Prophylaxis_FHIRv102_CQL_v110/CiprofloxacinRequest"/></identifier><name value="Anthrax_Post_Exposure_Prophylaxis_Adults_Ciprofloxacin_Request"/><title value="Anthrax Post Exposure Prophylaxis (PEP) for Adults: Ciprofloxacin Request"/><status value="draft"/><experimental value="true"/><description value="In 2009, the US Advisory Committee on Immunization Practices recommended in addition to antimicrobial therapy, a 3-dose series of Anthrax Vaccine Adsorbed (AVA) BioThrax (Emergent BioSolutions Inc., Rockville, MD, USA) for long-term protection after exposure to anthrax  in individuals without any previous vaccine. After exposure to aerosolized B. anthracis spores, antimicrobial therapy should be initiated as soon as possible. Ideally, the first dose of vaccine should be administered within 10 days. ACIP recommends a post exposure regimen of 60 days of appropriate antimicrobial prophylaxis (covered previously) combined with 3 subcutaneous doses of AVA (administered at 0, 2, and 4 weeks post exposure) as the most effective protection against inhalation anthrax for previously unvaccinated persons aged ≥18 years who have been exposed to aerosolized B. anthracis spores. In general, the peak serologic response to anthrax vaccine occurs 10–14 days after the third dose. (Wright, J.G et al., Morbidity and Mortality Weekly Report, July 23, 2010 / 59(RR06); 1-30). Additionally, the Advisory Committee on Immunization Practices subsequently reviewed all safety data available as of March 2008, including the final results of a retrospective study, and concluded that AVA is safe to administer to anthrax-exposed women during pregnancy. In the setting of an anthrax event that poses a high risk for exposure to aerosolized B. anthracis spores, pregnancy is neither a precaution nor a contraindication to vaccination. Pregnant women at risk for inhalation anthrax should receive AVA and antimicrobial drug therapy regardless of pregnancy trimester (Meanye-Delman D et al., Emerg Infect Dis, 20(2), 2014)."/><useContext><code><system value="http://terminology.hl7.org/CodeSystem/usage-context-type"/><code value="age"/><display value="Age Range"/></code><valueRange><low><value value="18"/></low></valueRange></useContext><useContext><code><system value="http://terminology.hl7.org/CodeSystem/usage-context-type"/><code value="venue"/><display value="Clinical Venue"/></code><valueCodeableConcept><coding><system value="http://snomed.info/sct"/><code value="440655000"/><display value="Outpatient environment"/></coding></valueCodeableConcept></useContext><useContext><code><system value="http://terminology.hl7.org/CodeSystem/usage-context-type"/><code value="focus"/><display value="Clinical Focus"/></code><valueCodeableConcept><coding><system value="http://hl7.org/fhir/sid/icd-10-cm"/><code value="Z20.810"/><display value="Contact with and (suspected) exposure to anthrax"/></coding></valueCodeableConcept></useContext><useContext><code><system value="http://terminology.hl7.org/CodeSystem/usage-context-type"/><code value="focus"/><display value="Clinical Focus"/></code><valueCodeableConcept><coding><system value="http://snomed.info/sct"/><code value="170475009"/><display value="Exposure to Bacillus anthracis (event)"/></coding></valueCodeableConcept></useContext><useContext><code><system value="http://terminology.hl7.org/CodeSystem/usage-context-type"/><code value="focus"/><display value="Clinical Focus"/></code><valueCodeableConcept><coding><system value="http://snomed.info/sct"/><code value="84387000"/><display value="Asymptomatic (finding)"/></coding></valueCodeableConcept></useContext><purpose value="Provides clinicians with information for quickly assessing individuals exposed to anthrax unrelated to occupational exposure, for example in bioterrorism events, and provides the recommended post-exposure prophylaxis (PEP) regimen for asymptomatic patients. Includes immediate treatment with antimicrobials and vaccine and follow-up administration of subsequent vaccines to complete the recommended 3-dose vaccination series."/><usage value="Intended for use by clinicians caring for individuals ≥18 years of age in an outpatient setting."/><approvalDate value="2019-06-07"/><lastReviewDate value="2019-06-07"/><effectivePeriod><start value="2019-06-07"/></effectivePeriod><topic><text value="Anthrax"/></topic><topic><text value="Emergency Medicine"/></topic><topic><text value="Post-Exposure Prophylaxis"/></topic><author><name value="Alliance to Modernize Healthcare FFRDC"/></author><endorser><name value="Centers for Disease Control and Prevention"/></endorser><kind value="MedicationRequest"/><productCodeableConcept><coding><system value="http://www.nlm.nih.gov/research/umls/rxnorm"/><code value="309309"/><display value="Ciprofloxacin 500 MG Oral Tablet"/></coding><text value="FIRST CHOICE: Ciprofloxacin 500 MG Oral Tablet"/></productCodeableConcept><quantity><value value="120"/><system value="http://terminology.hl7.org/CodeSystem/v3-orderableDrugForm"/><code value="ORTAB"/></quantity><dosage><text value="One every 12 hours for 60 days"/><additionalInstruction><text value="Pregnant women at risk for inhalation anthrax should receive antimicrobial drug therapy regardless of pregnancy trimester."/></additionalInstruction><additionalInstruction><text value="CONTRAINDICATIONS: Diagnosis of myasthenia gravis and taking tizanidine."/></additionalInstruction><additionalInstruction><text value="CAUTIONS: If patient is taking  blood thinners, oral antidiabetic drugs, seizure drugs, theophylline, drugs that prolong QT interval, duloxetine (Cymbalta), zolpidem (Ambien), clozapine or any other drug that may interact and cause serious side effects, consider another antibiotic regimen."/></additionalInstruction><additionalInstruction><text value="Provide patient education on medications."/></additionalInstruction><patientInstruction value="Take with full glass of water"/><timing><repeat><frequency value="1"/><period value="12"/><periodUnit value="h"/></repeat></timing><route><coding><system value="http://snomed.info/sct"/><code value="26643006"/><display value="Oral Route"/></coding></route><method><coding><system value="http://snomed.info/sct"/><code value="421521009"/><display value="Swallow - dosing instruction imperative (qualifier value)"/></coding></method></dosage></ActivityDefinition></contained><contained><ActivityDefinition><id value="Inline-Doxycycline-Request-5"/><url value="http://cqframework.org/cpg-example-anthrax/ActivityDefinition/Inline-Doxycycline-Request-5"/><identifier><value value="Anthrax_Post_Exposure_Prophylaxis_FHIRv102_CQL_v110/DoxycyclineRequest"/></identifier><name value="Anthrax_Post_Exposure_Prophylaxis_Adults_Doxycycline_Request"/><title value="Anthrax Post Exposure Prophylaxis (PEP) for Adults: Doxycycline Request"/><status value="draft"/><experimental value="true"/><description value="In 2009, the US Advisory Committee on Immunization Practices recommended in addition to antimicrobial therapy, a 3-dose series of Anthrax Vaccine Adsorbed (AVA) BioThrax (Emergent BioSolutions Inc., Rockville, MD, USA) for long-term protection after exposure to anthrax  in individuals without any previous vaccine. After exposure to aerosolized B. anthracis spores, antimicrobial therapy should be initiated as soon as possible. Ideally, the first dose of vaccine should be administered within 10 days. ACIP recommends a post exposure regimen of 60 days of appropriate antimicrobial prophylaxis (covered previously) combined with 3 subcutaneous doses of AVA (administered at 0, 2, and 4 weeks post exposure) as the most effective protection against inhalation anthrax for previously unvaccinated persons aged ≥18 years who have been exposed to aerosolized B. anthracis spores. In general, the peak serologic response to anthrax vaccine occurs 10–14 days after the third dose. (Wright, J.G et al., Morbidity and Mortality Weekly Report, July 23, 2010 / 59(RR06); 1-30). Additionally, the Advisory Committee on Immunization Practices subsequently reviewed all safety data available as of March 2008, including the final results of a retrospective study, and concluded that AVA is safe to administer to anthrax-exposed women during pregnancy. In the setting of an anthrax event that poses a high risk for exposure to aerosolized B. anthracis spores, pregnancy is neither a precaution nor a contraindication to vaccination. Pregnant women at risk for inhalation anthrax should receive AVA and antimicrobial drug therapy regardless of pregnancy trimester (Meanye-Delman D et al., Emerg Infect Dis, 20(2), 2014)."/><useContext><code><system value="http://terminology.hl7.org/CodeSystem/usage-context-type"/><code value="age"/><display value="Age Range"/></code><valueRange><low><value value="18"/></low></valueRange></useContext><useContext><code><system value="http://terminology.hl7.org/CodeSystem/usage-context-type"/><code value="venue"/><display value="Clinical Venue"/></code><valueCodeableConcept><coding><system value="http://snomed.info/sct"/><code value="440655000"/><display value="Outpatient environment"/></coding></valueCodeableConcept></useContext><useContext><code><system value="http://terminology.hl7.org/CodeSystem/usage-context-type"/><code value="focus"/><display value="Clinical Focus"/></code><valueCodeableConcept><coding><system value="http://hl7.org/fhir/sid/icd-10-cm"/><code value="Z20.810"/><display value="Contact with and (suspected) exposure to anthrax"/></coding></valueCodeableConcept></useContext><useContext><code><system value="http://terminology.hl7.org/CodeSystem/usage-context-type"/><code value="focus"/><display value="Clinical Focus"/></code><valueCodeableConcept><coding><system value="http://snomed.info/sct"/><code value="170475009"/><display value="Exposure to Bacillus anthracis (event)"/></coding></valueCodeableConcept></useContext><useContext><code><system value="http://terminology.hl7.org/CodeSystem/usage-context-type"/><code value="focus"/><display value="Clinical Focus"/></code><valueCodeableConcept><coding><system value="http://snomed.info/sct"/><code value="84387000"/><display value="Asymptomatic (finding)"/></coding></valueCodeableConcept></useContext><purpose value="Provides clinicians with information for quickly assessing individuals exposed to anthrax unrelated to occupational exposure, for example in bioterrorism events, and provides the recommended post-exposure prophylaxis (PEP) regimen for asymptomatic patients. Includes immediate treatment with antimicrobials and vaccine and follow-up administration of subsequent vaccines to complete the recommended 3-dose vaccination series."/><usage value="Intended for use by clinicians caring for individuals ≥18 years of age in an outpatient setting."/><approvalDate value="2019-06-07"/><lastReviewDate value="2019-06-07"/><effectivePeriod><start value="2019-06-07"/></effectivePeriod><topic><text value="Anthrax"/></topic><topic><text value="Emergency Medicine"/></topic><topic><text value="Post-Exposure Prophylaxis"/></topic><author><name value="Alliance to Modernize Healthcare FFRDC"/></author><endorser><name value="Centers for Disease Control and Prevention"/></endorser><kind value="MedicationRequest"/><productCodeableConcept><coding><system value="http://www.nlm.nih.gov/research/umls/rxnorm"/><code value="1650143"/><display value="doxycycline hyclate 100 MG Oral Tablet"/></coding><text value="SECOND CHOICE: doxycycline hyclate 100 MG Oral Tablet"/></productCodeableConcept><quantity><value value="120"/><system value="http://terminology.hl7.org/CodeSystem/v3-orderableDrugForm"/><code value="ORTAB"/></quantity><dosage><text value="One every 12 hours for 60 days"/><additionalInstruction><text value="Pregnant women at risk for inhalation anthrax should receive antimicrobial drug therapy regardless of pregnancy trimester."/></additionalInstruction><additionalInstruction><text value="CAUTIONS: If patient is taking  blood thinners, oral antidiabetic drugs, seizure drugs, or any other drug that may interact and cause serious side effects, consider another antibiotic regimen."/></additionalInstruction><additionalInstruction><text value="Provide patient education on medications."/></additionalInstruction><patientInstruction value="Take with full glass of water"/><timing><repeat><frequency value="1"/><period value="12"/><periodUnit value="h"/></repeat></timing><route><coding><system value="http://snomed.info/sct"/><code value="26643006"/><display value="Oral Route"/></coding></route><method><coding><system value="http://snomed.info/sct"/><code value="421521009"/><display value="Swallow - dosing instruction imperative (qualifier value)"/></coding></method></dosage></ActivityDefinition></contained><contained><ActivityDefinition><id value="Inline-Levofloxacin-Request-5"/><url value="http://cqframework.org/cpg-example-anthrax/ActivityDefinition/Inline-Levofloxacin-Request-5"/><identifier><value value="Anthrax_Post_Exposure_Prophylaxis_FHIRv102_CQL_v110/LevofloxacinRequest"/></identifier><name value="Anthrax_Post_Exposure_Prophylaxis_Adults_Levofloxacin_Request"/><title value="Anthrax Post Exposure Prophylaxis (PEP) for Adults: Levofloxacin Request"/><status value="draft"/><experimental value="true"/><description value="In 2009, the US Advisory Committee on Immunization Practices recommended in addition to antimicrobial therapy, a 3-dose series of Anthrax Vaccine Adsorbed (AVA) BioThrax (Emergent BioSolutions Inc., Rockville, MD, USA) for long-term protection after exposure to anthrax  in individuals without any previous vaccine. After exposure to aerosolized B. anthracis spores, antimicrobial therapy should be initiated as soon as possible. Ideally, the first dose of vaccine should be administered within 10 days. ACIP recommends a post exposure regimen of 60 days of appropriate antimicrobial prophylaxis (covered previously) combined with 3 subcutaneous doses of AVA (administered at 0, 2, and 4 weeks post exposure) as the most effective protection against inhalation anthrax for previously unvaccinated persons aged ≥18 years who have been exposed to aerosolized B. anthracis spores. In general, the peak serologic response to anthrax vaccine occurs 10–14 days after the third dose. (Wright, J.G et al., Morbidity and Mortality Weekly Report, July 23, 2010 / 59(RR06); 1-30). Additionally, the Advisory Committee on Immunization Practices subsequently reviewed all safety data available as of March 2008, including the final results of a retrospective study, and concluded that AVA is safe to administer to anthrax-exposed women during pregnancy. In the setting of an anthrax event that poses a high risk for exposure to aerosolized B. anthracis spores, pregnancy is neither a precaution nor a contraindication to vaccination. Pregnant women at risk for inhalation anthrax should receive AVA and antimicrobial drug therapy regardless of pregnancy trimester (Meanye-Delman D et al., Emerg Infect Dis, 20(2), 2014)."/><useContext><code><system value="http://terminology.hl7.org/CodeSystem/usage-context-type"/><code value="age"/><display value="Age Range"/></code><valueRange><low><value value="18"/></low></valueRange></useContext><useContext><code><system value="http://terminology.hl7.org/CodeSystem/usage-context-type"/><code value="venue"/><display value="Clinical Venue"/></code><valueCodeableConcept><coding><system value="http://snomed.info/sct"/><code value="440655000"/><display value="Outpatient environment"/></coding></valueCodeableConcept></useContext><useContext><code><system value="http://terminology.hl7.org/CodeSystem/usage-context-type"/><code value="focus"/><display value="Clinical Focus"/></code><valueCodeableConcept><coding><system value="http://hl7.org/fhir/sid/icd-10-cm"/><code value="Z20.810"/><display value="Contact with and (suspected) exposure to anthrax"/></coding></valueCodeableConcept></useContext><useContext><code><system value="http://terminology.hl7.org/CodeSystem/usage-context-type"/><code value="focus"/><display value="Clinical Focus"/></code><valueCodeableConcept><coding><system value="http://snomed.info/sct"/><code value="170475009"/><display value="Exposure to Bacillus anthracis (event)"/></coding></valueCodeableConcept></useContext><useContext><code><system value="http://terminology.hl7.org/CodeSystem/usage-context-type"/><code value="focus"/><display value="Clinical Focus"/></code><valueCodeableConcept><coding><system value="http://snomed.info/sct"/><code value="84387000"/><display value="Asymptomatic (finding)"/></coding></valueCodeableConcept></useContext><purpose value="Provides clinicians with information for quickly assessing individuals exposed to anthrax unrelated to occupational exposure, for example in bioterrorism events, and provides the recommended post-exposure prophylaxis (PEP) regimen for asymptomatic patients. Includes immediate treatment with antimicrobials and vaccine and follow-up administration of subsequent vaccines to complete the recommended 3-dose vaccination series."/><usage value="Intended for use by clinicians caring for individuals ≥18 years of age in an outpatient setting."/><approvalDate value="2019-06-07"/><lastReviewDate value="2019-06-07"/><effectivePeriod><start value="2019-06-07"/></effectivePeriod><topic><text value="Anthrax"/></topic><topic><text value="Emergency Medicine"/></topic><topic><text value="Post-Exposure Prophylaxis"/></topic><author><name value="Alliance to Modernize Healthcare FFRDC"/></author><endorser><name value="Centers for Disease Control and Prevention"/></endorser><kind value="MedicationRequest"/><productCodeableConcept><coding><system value="http://www.nlm.nih.gov/research/umls/rxnorm"/><code value="311296"/><display value="Levofloxacin 750 MG Oral Tablet"/></coding><text value="Levofloxacin 750 MG Oral Tablet"/></productCodeableConcept><quantity><value value="60"/><system value="http://terminology.hl7.org/CodeSystem/v3-orderableDrugForm"/><code value="ORTAB"/></quantity><dosage><text value="One every day for 60 days"/><additionalInstruction><text value="Pregnant women at risk for inhalation anthrax should receive antimicrobial drug therapy regardless of pregnancy trimester."/></additionalInstruction><timing><repeat><frequency value="1"/><period value="1"/><periodUnit value="d"/></repeat></timing><route><coding><system value="http://snomed.info/sct"/><code value="26643006"/><display value="Oral Route"/></coding></route><method><coding><system value="http://snomed.info/sct"/><code value="421521009"/><display value="Swallow - dosing instruction imperative (qualifier value)"/></coding></method></dosage></ActivityDefinition></contained><contained><ActivityDefinition><id value="Inline-Moxifloxacin-Request-5"/><url value="http://cqframework.org/cpg-example-anthrax/ActivityDefinition/Inline-Moxifloxacin-Request-5"/><identifier><value value="Anthrax_Post_Exposure_Prophylaxis_FHIRv102_CQL_v110/MoxifloxacinRequest"/></identifier><name value="Anthrax_Post_Exposure_Prophylaxis_Adults_Moxifloxacin_Request"/><title value="Anthrax Post Exposure Prophylaxis (PEP) for Adults: Moxifloxacin Request"/><status value="draft"/><experimental value="true"/><description value="In 2009, the US Advisory Committee on Immunization Practices recommended in addition to antimicrobial therapy, a 3-dose series of Anthrax Vaccine Adsorbed (AVA) BioThrax (Emergent BioSolutions Inc., Rockville, MD, USA) for long-term protection after exposure to anthrax  in individuals without any previous vaccine. After exposure to aerosolized B. anthracis spores, antimicrobial therapy should be initiated as soon as possible. Ideally, the first dose of vaccine should be administered within 10 days. ACIP recommends a post exposure regimen of 60 days of appropriate antimicrobial prophylaxis (covered previously) combined with 3 subcutaneous doses of AVA (administered at 0, 2, and 4 weeks post exposure) as the most effective protection against inhalation anthrax for previously unvaccinated persons aged ≥18 years who have been exposed to aerosolized B. anthracis spores. In general, the peak serologic response to anthrax vaccine occurs 10–14 days after the third dose. (Wright, J.G et al., Morbidity and Mortality Weekly Report, July 23, 2010 / 59(RR06); 1-30). Additionally, the Advisory Committee on Immunization Practices subsequently reviewed all safety data available as of March 2008, including the final results of a retrospective study, and concluded that AVA is safe to administer to anthrax-exposed women during pregnancy. In the setting of an anthrax event that poses a high risk for exposure to aerosolized B. anthracis spores, pregnancy is neither a precaution nor a contraindication to vaccination. Pregnant women at risk for inhalation anthrax should receive AVA and antimicrobial drug therapy regardless of pregnancy trimester (Meanye-Delman D et al., Emerg Infect Dis, 20(2), 2014)."/><useContext><code><system value="http://terminology.hl7.org/CodeSystem/usage-context-type"/><code value="age"/><display value="Age Range"/></code><valueRange><low><value value="18"/></low></valueRange></useContext><useContext><code><system value="http://terminology.hl7.org/CodeSystem/usage-context-type"/><code value="venue"/><display value="Clinical Venue"/></code><valueCodeableConcept><coding><system value="http://snomed.info/sct"/><code value="440655000"/><display value="Outpatient environment"/></coding></valueCodeableConcept></useContext><useContext><code><system value="http://terminology.hl7.org/CodeSystem/usage-context-type"/><code value="focus"/><display value="Clinical Focus"/></code><valueCodeableConcept><coding><system value="http://hl7.org/fhir/sid/icd-10-cm"/><code value="Z20.810"/><display value="Contact with and (suspected) exposure to anthrax"/></coding></valueCodeableConcept></useContext><useContext><code><system value="http://terminology.hl7.org/CodeSystem/usage-context-type"/><code value="focus"/><display value="Clinical Focus"/></code><valueCodeableConcept><coding><system value="http://snomed.info/sct"/><code value="170475009"/><display value="Exposure to Bacillus anthracis (event)"/></coding></valueCodeableConcept></useContext><useContext><code><system value="http://terminology.hl7.org/CodeSystem/usage-context-type"/><code value="focus"/><display value="Clinical Focus"/></code><valueCodeableConcept><coding><system value="http://snomed.info/sct"/><code value="84387000"/><display value="Asymptomatic (finding)"/></coding></valueCodeableConcept></useContext><purpose value="Provides clinicians with information for quickly assessing individuals exposed to anthrax unrelated to occupational exposure, for example in bioterrorism events, and provides the recommended post-exposure prophylaxis (PEP) regimen for asymptomatic patients. Includes immediate treatment with antimicrobials and vaccine and follow-up administration of subsequent vaccines to complete the recommended 3-dose vaccination series."/><usage value="Intended for use by clinicians caring for individuals ≥18 years of age in an outpatient setting."/><approvalDate value="2019-06-07"/><lastReviewDate value="2019-06-07"/><effectivePeriod><start value="2019-06-07"/></effectivePeriod><topic><text value="Anthrax"/></topic><topic><text value="Emergency Medicine"/></topic><topic><text value="Post-Exposure Prophylaxis"/></topic><author><name value="Alliance to Modernize Healthcare FFRDC"/></author><endorser><name value="Centers for Disease Control and Prevention"/></endorser><kind value="MedicationRequest"/><productCodeableConcept><coding><system value="http://www.nlm.nih.gov/research/umls/rxnorm"/><code value="311787"/><display value="moxifloxacin HCl 400 MG Oral Tablet"/></coding><text value="moxifloxacin HCl 400 MG Oral Tablet"/></productCodeableConcept><quantity><value value="60"/><system value="http://terminology.hl7.org/CodeSystem/v3-orderableDrugForm"/><code value="ORTAB"/></quantity><dosage><text value="One every day for 60 days"/><additionalInstruction><text value="Pregnant women at risk for inhalation anthrax should receive antimicrobial drug therapy regardless of pregnancy trimester."/></additionalInstruction><timing><repeat><frequency value="1"/><period value="1"/><periodUnit value="d"/></repeat></timing><route><coding><system value="http://snomed.info/sct"/><code value="26643006"/><display value="Oral Route"/></coding></route><method><coding><system value="http://snomed.info/sct"/><code value="421521009"/><display value="Swallow - dosing instruction imperative (qualifier value)"/></coding></method></dosage></ActivityDefinition></contained><contained><ActivityDefinition><id value="Inline-Clindamycin-Request-5"/><url value="http://cqframework.org/cpg-example-anthrax/ActivityDefinition/Inline-Clindamycin-Request-5"/><identifier><value value="Anthrax_Post_Exposure_Prophylaxis_FHIRv102_CQL_v110/ClindamycinRequest"/></identifier><name value="Anthrax_Post_Exposure_Prophylaxis_Adults_Clindamycin_Request"/><title value="Anthrax Post Exposure Prophylaxis (PEP) for Adults: Clindamycin Request"/><status value="draft"/><experimental value="true"/><description value="In 2009, the US Advisory Committee on Immunization Practices recommended in addition to antimicrobial therapy, a 3-dose series of Anthrax Vaccine Adsorbed (AVA) BioThrax (Emergent BioSolutions Inc., Rockville, MD, USA) for long-term protection after exposure to anthrax  in individuals without any previous vaccine. After exposure to aerosolized B. anthracis spores, antimicrobial therapy should be initiated as soon as possible. Ideally, the first dose of vaccine should be administered within 10 days. ACIP recommends a post exposure regimen of 60 days of appropriate antimicrobial prophylaxis (covered previously) combined with 3 subcutaneous doses of AVA (administered at 0, 2, and 4 weeks post exposure) as the most effective protection against inhalation anthrax for previously unvaccinated persons aged ≥18 years who have been exposed to aerosolized B. anthracis spores. In general, the peak serologic response to anthrax vaccine occurs 10–14 days after the third dose. (Wright, J.G et al., Morbidity and Mortality Weekly Report, July 23, 2010 / 59(RR06); 1-30). Additionally, the Advisory Committee on Immunization Practices subsequently reviewed all safety data available as of March 2008, including the final results of a retrospective study, and concluded that AVA is safe to administer to anthrax-exposed women during pregnancy. In the setting of an anthrax event that poses a high risk for exposure to aerosolized B. anthracis spores, pregnancy is neither a precaution nor a contraindication to vaccination. Pregnant women at risk for inhalation anthrax should receive AVA and antimicrobial drug therapy regardless of pregnancy trimester (Meanye-Delman D et al., Emerg Infect Dis, 20(2), 2014)."/><useContext><code><system value="http://terminology.hl7.org/CodeSystem/usage-context-type"/><code value="age"/><display value="Age Range"/></code><valueRange><low><value value="18"/></low></valueRange></useContext><useContext><code><system value="http://terminology.hl7.org/CodeSystem/usage-context-type"/><code value="venue"/><display value="Clinical Venue"/></code><valueCodeableConcept><coding><system value="http://snomed.info/sct"/><code value="440655000"/><display value="Outpatient environment"/></coding></valueCodeableConcept></useContext><useContext><code><system value="http://terminology.hl7.org/CodeSystem/usage-context-type"/><code value="focus"/><display value="Clinical Focus"/></code><valueCodeableConcept><coding><system value="http://hl7.org/fhir/sid/icd-10-cm"/><code value="Z20.810"/><display value="Contact with and (suspected) exposure to anthrax"/></coding></valueCodeableConcept></useContext><useContext><code><system value="http://terminology.hl7.org/CodeSystem/usage-context-type"/><code value="focus"/><display value="Clinical Focus"/></code><valueCodeableConcept><coding><system value="http://snomed.info/sct"/><code value="170475009"/><display value="Exposure to Bacillus anthracis (event)"/></coding></valueCodeableConcept></useContext><useContext><code><system value="http://terminology.hl7.org/CodeSystem/usage-context-type"/><code value="focus"/><display value="Clinical Focus"/></code><valueCodeableConcept><coding><system value="http://snomed.info/sct"/><code value="84387000"/><display value="Asymptomatic (finding)"/></coding></valueCodeableConcept></useContext><purpose value="Provides clinicians with information for quickly assessing individuals exposed to anthrax unrelated to occupational exposure, for example in bioterrorism events, and provides the recommended post-exposure prophylaxis (PEP) regimen for asymptomatic patients. Includes immediate treatment with antimicrobials and vaccine and follow-up administration of subsequent vaccines to complete the recommended 3-dose vaccination series."/><usage value="Intended for use by clinicians caring for individuals ≥18 years of age in an outpatient setting."/><approvalDate value="2019-06-07"/><lastReviewDate value="2019-06-07"/><effectivePeriod><start value="2019-06-07"/></effectivePeriod><topic><text value="Anthrax"/></topic><topic><text value="Emergency Medicine"/></topic><topic><text value="Post-Exposure Prophylaxis"/></topic><author><name value="Alliance to Modernize Healthcare FFRDC"/></author><endorser><name value="Centers for Disease Control and Prevention"/></endorser><kind value="MedicationRequest"/><productCodeableConcept><coding><system value="http://www.nlm.nih.gov/research/umls/rxnorm"/><code value="284215"/><display value="clindamycin HCl 300 MG Oral Capsule"/></coding><text value="clindamycin HCl 300 MG Oral Capsule"/></productCodeableConcept><quantity><value value="360"/><system value="http://terminology.hl7.org/CodeSystem/v3-orderableDrugForm"/><code value="ORTAB"/></quantity><dosage><text value="Two tablets every 8 hours for 60 days"/><additionalInstruction><text value="Pregnant women at risk for inhalation anthrax should receive antimicrobial drug therapy regardless of pregnancy trimester."/></additionalInstruction><timing><repeat><frequency value="2"/><period value="8"/><periodUnit value="h"/></repeat></timing><route><coding><system value="http://snomed.info/sct"/><code value="26643006"/><display value="Oral Route"/></coding></route><method><coding><system value="http://snomed.info/sct"/><code value="421521009"/><display value="Swallow - dosing instruction imperative (qualifier value)"/></coding></method></dosage></ActivityDefinition></contained><contained><ActivityDefinition><id value="Inline-Vaccine-Request-5"/><url value="http://cqframework.org/cpg-example-anthrax/ActivityDefinition/Inline-Vaccine-Request-5"/><identifier><value value="Anthrax_Post_Exposure_Prophylaxis_FHIRv102_CQL_v110/VaccineRequest"/></identifier><name value="Anthrax_Post_Exposure_Prophylaxis_Adults_Vaccine_Request"/><title value="Anthrax Post Exposure Prophylaxis (PEP) for Adults: Vaccine Request"/><status value="draft"/><experimental value="true"/><description value="In 2009, the US Advisory Committee on Immunization Practices recommended in addition to antimicrobial therapy, a 3-dose series of Anthrax Vaccine Adsorbed (AVA) BioThrax (Emergent BioSolutions Inc., Rockville, MD, USA) for long-term protection after exposure to anthrax  in individuals without any previous vaccine. After exposure to aerosolized B. anthracis spores, antimicrobial therapy should be initiated as soon as possible. Ideally, the first dose of vaccine should be administered within 10 days. ACIP recommends a post exposure regimen of 60 days of appropriate antimicrobial prophylaxis (covered previously) combined with 3 subcutaneous doses of AVA (administered at 0, 2, and 4 weeks post exposure) as the most effective protection against inhalation anthrax for previously unvaccinated persons aged ≥18 years who have been exposed to aerosolized B. anthracis spores. In general, the peak serologic response to anthrax vaccine occurs 10–14 days after the third dose. (Wright, J.G et al., Morbidity and Mortality Weekly Report, July 23, 2010 / 59(RR06); 1-30). Additionally, the Advisory Committee on Immunization Practices subsequently reviewed all safety data available as of March 2008, including the final results of a retrospective study, and concluded that AVA is safe to administer to anthrax-exposed women during pregnancy. In the setting of an anthrax event that poses a high risk for exposure to aerosolized B. anthracis spores, pregnancy is neither a precaution nor a contraindication to vaccination. Pregnant women at risk for inhalation anthrax should receive AVA and antimicrobial drug therapy regardless of pregnancy trimester (Meanye-Delman D et al., Emerg Infect Dis, 20(2), 2014)."/><useContext><code><system value="http://terminology.hl7.org/CodeSystem/usage-context-type"/><code value="age"/><display value="Age Range"/></code><valueRange><low><value value="18"/></low></valueRange></useContext><useContext><code><system value="http://terminology.hl7.org/CodeSystem/usage-context-type"/><code value="venue"/><display value="Clinical Venue"/></code><valueCodeableConcept><coding><system value="http://snomed.info/sct"/><code value="440655000"/><display value="Outpatient environment"/></coding></valueCodeableConcept></useContext><useContext><code><system value="http://terminology.hl7.org/CodeSystem/usage-context-type"/><code value="focus"/><display value="Clinical Focus"/></code><valueCodeableConcept><coding><system value="http://hl7.org/fhir/sid/icd-10-cm"/><code value="Z20.810"/><display value="Contact with and (suspected) exposure to anthrax"/></coding></valueCodeableConcept></useContext><useContext><code><system value="http://terminology.hl7.org/CodeSystem/usage-context-type"/><code value="focus"/><display value="Clinical Focus"/></code><valueCodeableConcept><coding><system value="http://snomed.info/sct"/><code value="170475009"/><display value="Exposure to Bacillus anthracis (event)"/></coding></valueCodeableConcept></useContext><useContext><code><system value="http://terminology.hl7.org/CodeSystem/usage-context-type"/><code value="focus"/><display value="Clinical Focus"/></code><valueCodeableConcept><coding><system value="http://snomed.info/sct"/><code value="84387000"/><display value="Asymptomatic (finding)"/></coding></valueCodeableConcept></useContext><purpose value="Provides clinicians with information for quickly assessing individuals exposed to anthrax unrelated to occupational exposure, for example in bioterrorism events, and provides the recommended post-exposure prophylaxis (PEP) regimen for asymptomatic patients. Includes immediate treatment with antimicrobials and vaccine and follow-up administration of subsequent vaccines to complete the recommended 3-dose vaccination series."/><usage value="Intended for use by clinicians caring for individuals ≥18 years of age in an outpatient setting."/><approvalDate value="2019-06-07"/><lastReviewDate value="2019-06-07"/><effectivePeriod><start value="2019-06-07"/></effectivePeriod><topic><text value="Anthrax"/></topic><topic><text value="Emergency Medicine"/></topic><topic><text value="Post-Exposure Prophylaxis"/></topic><author><name value="Alliance to Modernize Healthcare FFRDC"/></author><endorser><name value="Centers for Disease Control and Prevention"/></endorser><kind value="ImmunizationRecommendation"/><code><coding><system value="http://snomed.info/sct"/><code value="49598002"/><display value="Anthrax vaccination"/></coding><coding><system value="http://snomed.info/sct"/><code value="170339008"/><display value="Second anthrax vaccination"/></coding></code><productCodeableConcept><coding><system value="http://hl7.org/fhir/sid/cvx"/><code value="24"/><display value="Anthrax vaccine"/></coding></productCodeableConcept><dosage><text value="0.5mL"/><additionalInstruction><text value="Pregnant women at risk for inhalation anthrax should receive the anthrax vaccine regardless of pregnancy trimester."/></additionalInstruction><additionalInstruction><text value="Epinephrine solution (1:1000) should be available for immediate use in the event that an anaphylactic reaction occurs."/></additionalInstruction><route><coding><system value="http://snomed.info/sct"/><code value="34206005"/><display value="Subcutaneous route"/></coding></route><doseAndRate><doseQuantity><value value="0.5"/><unit value="mL"/><system value="http://unitsofmeasure.org"/><code value="mL"/></doseQuantity></doseAndRate></dosage></ActivityDefinition></contained><url value="http://cqframework.org/cpg-example-anthrax/PlanDefinition/second-vaccinedose-pregnant-pd"/><identifier><value value="Anthrax_Post_Exposure_Prophylaxis_FHIRv102_CQL_v110/OrderSet"/></identifier><version value="1.1.0"/><name value="Anthrax_Post_Exposure_Prophylaxis_Adults"/><title value="Second vaccine pregnant"/><type><coding><system value="http://terminology.hl7.org/CodeSystem/plan-definition-type"/><code value="eca-rule"/><display value="ECA Rule"/></coding><coding><system value="http://terminology.hl7.org/CodeSystem/plan-definition-type"/><code value="order-set"/><display value="Order Set"/></coding></type><status value="draft"/><experimental value="true"/><date value="2024-11-18T16:39:04+00:00"/><publisher value="HL7 International - Clinical Decision Support WG"/><contact><name value="HL7 International - Clinical Decision Support WG"/><telecom><system value="url"/><value value="http://www.hl7.org/Special/committees/dss/index.cfm"/></telecom></contact><description value="Provides information for treating patients greater than or equal to 18 years old exposed to anthrax within the past 60 days, who do not have anthrax. It is divided into two parts: \n- Part #1: For patients that may be symptomatic to flag the need to conduct a full diagnostic evaluation to rule out anthrax before proceeding with post-exposure prophylaxis (PEP) \n- Part #2: For patients  who are  asymptomatic (not displaying signs and symptoms of anthrax), it provides recommended PEP regimen"/><useContext><code><system value="http://terminology.hl7.org/CodeSystem/usage-context-type"/><code value="age"/><display value="Age Range"/></code><valueRange><low><value value="18"/></low></valueRange></useContext><useContext><code><system value="http://terminology.hl7.org/CodeSystem/usage-context-type"/><code value="venue"/><display value="Clinical Venue"/></code><valueCodeableConcept><coding><system value="http://snomed.info/sct"/><code value="440655000"/><display value="Outpatient environment"/></coding></valueCodeableConcept></useContext><useContext><code><system value="http://terminology.hl7.org/CodeSystem/usage-context-type"/><code value="focus"/><display value="Clinical Focus"/></code><valueCodeableConcept><coding><system value="http://hl7.org/fhir/sid/icd-10-cm"/><code value="Z20.810"/><display value="Contact with and (suspected) exposure to anthrax"/></coding></valueCodeableConcept></useContext><useContext><code><system value="http://terminology.hl7.org/CodeSystem/usage-context-type"/><code value="focus"/><display value="Clinical Focus"/></code><valueCodeableConcept><coding><system value="http://snomed.info/sct"/><code value="170475009"/><display value="Exposure to Bacillus anthracis (event)"/></coding></valueCodeableConcept></useContext><useContext><code><system value="http://terminology.hl7.org/CodeSystem/usage-context-type"/><code value="focus"/><display value="Clinical Focus"/></code><valueCodeableConcept><coding><system value="http://snomed.info/sct"/><code value="84387000"/><display value="Asymptomatic (finding)"/></coding></valueCodeableConcept></useContext><jurisdiction><coding><system value="http://unstats.un.org/unsd/methods/m49/m49.htm"/><code value="001"/><display value="World"/></coding></jurisdiction><purpose value="Provides clinicians with information for quickly assessing individuals exposed to anthrax unrelated to occupational exposure, for example in bioterrorism events, and provides the recommended post-exposure prophylaxis (PEP) regimen for asymptomatic patients. Includes immediate treatment with antimicrobials and vaccine and follow-up administration of subsequent vaccines to complete the recommended 3-dose vaccination series."/><usage value="Intended for use by clinicians caring for individuals ≥18 years of age in an outpatient setting."/><approvalDate value="2019-06-07"/><lastReviewDate value="2019-06-07"/><effectivePeriod><start value="2019-06-07"/></effectivePeriod><topic><text value="Anthrax"/></topic><topic><text value="Emergency Medicine"/></topic><topic><text value="Post-Exposure Prophylaxis"/></topic><author><name value="Alliance to Modernize Healthcare FFRDC"/></author><endorser><name value="Centers for Disease Control and Prevention"/></endorser><library value="http://cqframework.org/cpg-example-anthrax/Library/anthrax-post-exposure-prophylaxis-library"/><action><title value="Anthrax Post Exposure Prophylaxis 10"/><trigger><type value="data-added"/><data><type value="Condition"/><codeFilter><path value="code"/><code><system value="http://hl7.org/fhir/sid/icd-10-cm"/><code value="Z20.810"/><display value="Contact with and (suspected) exposure to anthrax"/></code><code><system value="http://snomed.info/sct"/><code value="170475009"/><display value="Exposure to Bacillus anthracis (event)"/></code></codeFilter></data></trigger><trigger><type value="data-added"/><data><type value="Observation"/><codeFilter><path value="code"/><code><system value="http://hl7.org/fhir/sid/icd-10-cm"/><code value="Z20.810"/><display value="Contact with and (suspected) exposure to anthrax"/></code><code><system value="http://snomed.info/sct"/><code value="170475009"/><display value="Exposure to Bacillus anthracis (event)"/></code><code><system value="http://snomed.info/sct"/><code value="84387000"/><display value="Asymptomatic (finding)"/></code></codeFilter></data></trigger><condition><kind value="applicability"/><expression><language value="text/cql"/><expression value="GenerateOrderSet"/></expression></condition><groupingBehavior value="logical-group"/><selectionBehavior value="any"/><action><title value="Antimicrobial medications for anthrax post-exposure prophylaxis"/><groupingBehavior value="visual-group"/><selectionBehavior value="at-most-one"/><action><title value="First line antimicrobial medications for anthrax post-exposure prophylaxis"/><groupingBehavior value="visual-group"/><selectionBehavior value="at-most-one"/><action><type><coding><system value="http://terminology.hl7.org/CodeSystem/action-type"/><code value="create"/><display value="Create"/></coding></type><definitionCanonical value="#Inline-Ciprofloxacin-Request-5"/></action><action><type><coding><system value="http://terminology.hl7.org/CodeSystem/action-type"/><code value="create"/><display value="Create"/></coding></type><definitionCanonical value="#Inline-Doxycycline-Request-5"/></action></action><action><title value="Second line antimicrobial medications for anthrax post-exposure prophylaxis"/><groupingBehavior value="visual-group"/><selectionBehavior value="at-most-one"/><action><type><coding><system value="http://terminology.hl7.org/CodeSystem/action-type"/><code value="create"/><display value="Create"/></coding></type><definitionCanonical value="#Inline-Levofloxacin-Request-5"/></action><action><type><coding><system value="http://terminology.hl7.org/CodeSystem/action-type"/><code value="create"/><display value="Create"/></coding></type><definitionCanonical value="#Inline-Moxifloxacin-Request-5"/></action><action><type><coding><system value="http://terminology.hl7.org/CodeSystem/action-type"/><code value="create"/><display value="Create"/></coding></type><definitionCanonical value="#Inline-Clindamycin-Request-5"/></action></action></action><action><title value="Anthrax Vaccination - 2nd dose"/><type><coding><system value="http://terminology.hl7.org/CodeSystem/action-type"/><code value="create"/><display value="Create"/></coding></type><definitionCanonical value="#Inline-Vaccine-Request-5"/></action></action></PlanDefinition>