<?xml version="1.0" encoding="UTF-8"?>

<AllergyIntolerance xmlns="http://hl7.org/fhir">
  <id value="allergy-13"/>
  <text>
    <status value="generated"/><div xmlns="http://www.w3.org/1999/xhtml"><p class="res-header-id"><b>Generated Narrative: AllergyIntolerance allergy-13</b></p><a name="allergy-13"> </a><a name="hcallergy-13"> </a><a name="allergy-13-en-US"> </a><p><b>clinicalStatus</b>: <span title="Codes:{http://terminology.hl7.org/CodeSystem/allergyintolerance-clinical active}">Active</span></p><p><b>verificationStatus</b>: <span title="Codes:{http://terminology.hl7.org/CodeSystem/allergyintolerance-verification confirmed}">Confirmed</span></p><p><b>code</b>: <span title="Codes:{http://hl7.org/fhir/sid/cvx 24}">Anthrax vaccine</span></p><p><b>patient</b>: <a href="Patient-patient-1.html">John Smith  Male, DoB: 2000-01-01</a></p><p><b>recordedDate</b>: 2017-05-28 15:00:00+0000</p></div>
  </text>
  <clinicalStatus>
    <coding>
      <system value="http://terminology.hl7.org/CodeSystem/allergyintolerance-clinical"/>
      <code value="active"/>
    </coding>
  </clinicalStatus>
  <verificationStatus>
    <coding>
      <system value="http://terminology.hl7.org/CodeSystem/allergyintolerance-verification"/>
      <code value="confirmed"/>
      <display value="Confirmed"/>
    </coding>
  </verificationStatus>
  <code>
    <coding>
      <system value="http://hl7.org/fhir/sid/cvx"/>
      <code value="24"/>
      <display value="Anthrax vaccine"/>
    </coding>
    <text value="Anthrax vaccine"/>
  </code>
  <patient>
    <reference value="Patient/patient-1"/>
  </patient>
  <recordedDate value="2017-05-28T15:00:00.000Z"/>
</AllergyIntolerance>