<?xml version="1.0" encoding="UTF-8"?>

<MedicationRequest xmlns="http://hl7.org/fhir">
  <id value="5"/>
  <text>
    <status value="generated"/><div xmlns="http://www.w3.org/1999/xhtml"><p class="res-header-id"><b>Generated Narrative: MedicationRequest 5</b></p><a name="5"> </a><a name="hc5"> </a><a name="5-en-US"> </a><p><b>status</b>: Active</p><p><b>intent</b>: Proposal</p><p><b>medication</b>: <span title="Codes:{http://www.nlm.nih.gov/research/umls/rxnorm 311296}">Levofloxacin 750 MG Oral Tablet</span></p><p><b>subject</b>: <a href="Patient-patient-1.html">John Smith  Male, DoB: 2000-01-01</a></p></div>
  </text>
  <status value="active"/>
  <intent value="proposal"/>
  <medicationCodeableConcept>
    <coding>
      <system value="http://www.nlm.nih.gov/research/umls/rxnorm"/>
      <code value="311296"/>
      <display value="Levofloxacin 750 MG Oral Tablet"/>
    </coding>
    <text value="Levofloxacin 750 MG Oral Tablet"/>
  </medicationCodeableConcept>
  <subject>
    <reference value="Patient/patient-1"/>
  </subject>
</MedicationRequest>