<?xml version="1.0" encoding="UTF-8"?>

<Procedure xmlns="http://hl7.org/fhir">
  <id value="procedure-11"/>
  <text>
    <status value="generated"/><div xmlns="http://www.w3.org/1999/xhtml"><p class="res-header-id"><b>Generated Narrative: Procedure procedure-11</b></p><a name="procedure-11"> </a><a name="hcprocedure-11"> </a><a name="procedure-11-en-US"> </a><p><b>status</b>: Completed</p><p><b>code</b>: <span title="Codes:{http://snomed.info/sct 170339008}">Second anthrax vaccination</span></p><p><b>subject</b>: <a href="Patient-patient-3.html">Jane Smith  Female, DoB: 2000-01-01</a></p><p><b>performed</b>: 2019-05-20 15:00:00+0000</p></div>
  </text>
  <status value="completed"/>
  <code>
    <coding>
      <system value="http://snomed.info/sct"/>
      <code value="170339008"/>
      <display value="Second anthrax vaccination"/>
    </coding>
    <text value="Second anthrax vaccination"/>
  </code>
  <subject>
    <reference value="Patient/patient-3"/>
  </subject>
  <performedDateTime value="2019-05-20T15:00:00.000Z"/>
</Procedure>