{"resourceType":"ActivityDefinition","id":"VaccineRequest","url":"http://hl7.org/fhir/uv/cpg/anthrax/ActivityDefinition/VaccineRequest","identifier":[{"value":"Anthrax_Post_Exposure_Prophylaxis_FHIRv102_CQL_v110/VaccineRequest"}],"version":"1.1.0","name":"Anthrax_Post_Exposure_Prophylaxis_Adults_Vaccine_Request","title":"Vaccine Request","status":"draft","experimental":true,"date":"2024-11-18T16:30:23+00:00","publisher":"HL7 International - Clinical Decision Support WG","contact":[{"name":"HL7 International - Clinical Decision Support WG","telecom":[{"system":"url","value":"http://www.hl7.org/Special/committees/dss/index.cfm"}]}],"description":"In 2009, the US Advisory Committee on Immunization Practices recommended in addition to antimicrobial therapy, a 3-dose series of Anthrax Vaccine Adsorbed (AVA) BioThrax (Emergent BioSolutions Inc., Rockville, MD, USA) for long-term protection after exposure to anthrax  in individuals without any previous vaccine. After exposure to aerosolized B. anthracis spores, antimicrobial therapy should be initiated as soon as possible. Ideally, the first dose of vaccine should be administered within 10 days. ACIP recommends a post exposure regimen of 60 days of appropriate antimicrobial prophylaxis (covered previously) combined with 3 subcutaneous doses of AVA (administered at 0, 2, and 4 weeks post exposure) as the most effective protection against inhalation anthrax for previously unvaccinated persons aged ≥18 years who have been exposed to aerosolized B. anthracis spores. In general, the peak serologic response to anthrax vaccine occurs 10–14 days after the third dose. (Wright, J.G et al., Morbidity and Mortality Weekly Report, July 23, 2010 / 59(RR06); 1-30). Additionally, the Advisory Committee on Immunization Practices subsequently reviewed all safety data available as of March 2008, including the final results of a retrospective study, and concluded that AVA is safe to administer to anthrax-exposed women during pregnancy. In the setting of an anthrax event that poses a high risk for exposure to aerosolized B. anthracis spores, pregnancy is neither a precaution nor a contraindication to vaccination. Pregnant women at risk for inhalation anthrax should receive AVA and antimicrobial drug therapy regardless of pregnancy trimester (Meanye-Delman D et al., Emerg Infect Dis, 20(2), 2014).","useContext":[{"code":{"system":"http://terminology.hl7.org/CodeSystem/usage-context-type","code":"age","display":"Age Range"},"valueRange":{"low":{"value":18}}},{"code":{"system":"http://terminology.hl7.org/CodeSystem/usage-context-type","code":"venue","display":"Clinical Venue"},"valueCodeableConcept":{"coding":[{"system":"http://snomed.info/sct","code":"440655000","display":"Outpatient environment"}]}},{"code":{"system":"http://terminology.hl7.org/CodeSystem/usage-context-type","code":"focus","display":"Clinical Focus"},"valueCodeableConcept":{"coding":[{"system":"http://hl7.org/fhir/sid/icd-10-cm","code":"Z20.810","display":"Contact with and (suspected) exposure to anthrax"}]}},{"code":{"system":"http://terminology.hl7.org/CodeSystem/usage-context-type","code":"focus","display":"Clinical Focus"},"valueCodeableConcept":{"coding":[{"system":"http://snomed.info/sct","code":"170475009","display":"Exposure to Bacillus anthracis (event)"}]}},{"code":{"system":"http://terminology.hl7.org/CodeSystem/usage-context-type","code":"focus","display":"Clinical Focus"},"valueCodeableConcept":{"coding":[{"system":"http://snomed.info/sct","code":"84387000","display":"Asymptomatic (finding)"}]}}],"jurisdiction":[{"coding":[{"system":"http://unstats.un.org/unsd/methods/m49/m49.htm","code":"001","display":"World"}]}],"purpose":"Provides clinicians with information for quickly assessing individuals exposed to anthrax unrelated to occupational exposure, for example in bioterrorism events, and provides the recommended post-exposure prophylaxis (PEP) regimen for asymptomatic patients. Includes immediate treatment with antimicrobials and vaccine and follow-up administration of subsequent vaccines to complete the recommended 3-dose vaccination series.","usage":"Intended for use by clinicians caring for individuals ≥18 years of age in an outpatient setting.","approvalDate":"2019-06-07","lastReviewDate":"2019-06-07","effectivePeriod":{"start":"2019-06-07"},"topic":[{"text":"Anthrax"},{"text":"Emergency Medicine"},{"text":"Post-Exposure Prophylaxis"}],"author":[{"name":"Alliance to Modernize Healthcare FFRDC"}],"endorser":[{"name":"Centers for Disease Control and Prevention"}],"kind":"ImmunizationRecommendation","code":{"coding":[{"system":"http://snomed.info/sct","code":"49598002","display":"Anthrax vaccination"},{"system":"http://snomed.info/sct","code":"170338000","display":"First anthrax vaccination"}]},"productCodeableConcept":{"coding":[{"system":"http://hl7.org/fhir/sid/cvx","code":"24","display":"Anthrax vaccine"}]},"dosage":[{"text":"0.5mL","additionalInstruction":[{"text":"Epinephrine solution (1:1000) should be available for immediate use in the event that an anaphylactic reaction occurs."}],"route":{"coding":[{"system":"http://snomed.info/sct","code":"34206005","display":"Subcutaneous route"}]},"doseAndRate":[{"doseQuantity":{"value":0.5,"unit":"mL","system":"http://unitsofmeasure.org","code":"mL"}}]}]}