{"resourceType":"PlanDefinition","id":"third-vaccinedose-notpregnant-pd","contained":[{"resourceType":"ActivityDefinition","id":"CiprofloxacinRequest","url":"http://hl7.org/fhir/uv/cpg/anthrax/ActivityDefinition/CiprofloxacinRequest","identifier":[{"value":"Anthrax_Post_Exposure_Prophylaxis_FHIRv102_CQL_v110/CiprofloxacinRequest"}],"name":"Anthrax_Post_Exposure_Prophylaxis_Adults_Ciprofloxacin_Request","title":"Ciprofloxacin Request","status":"draft","experimental":true,"description":"In 2009, the US Advisory Committee on Immunization Practices recommended in addition to antimicrobial therapy, a 3-dose series of Anthrax Vaccine Adsorbed (AVA) BioThrax (Emergent BioSolutions Inc., Rockville, MD, USA) for long-term protection after exposure to anthrax  in individuals without any previous vaccine. After exposure to aerosolized B. anthracis spores, antimicrobial therapy should be initiated as soon as possible. Ideally, the first dose of vaccine should be administered within 10 days. ACIP recommends a post exposure regimen of 60 days of appropriate antimicrobial prophylaxis (covered previously) combined with 3 subcutaneous doses of AVA (administered at 0, 2, and 4 weeks post exposure) as the most effective protection against inhalation anthrax for previously unvaccinated persons aged ≥18 years who have been exposed to aerosolized B. anthracis spores. In general, the peak serologic response to anthrax vaccine occurs 10–14 days after the third dose. (Wright, J.G et al., Morbidity and Mortality Weekly Report, July 23, 2010 / 59(RR06); 1-30). Additionally, the Advisory Committee on Immunization Practices subsequently reviewed all safety data available as of March 2008, including the final results of a retrospective study, and concluded that AVA is safe to administer to anthrax-exposed women during pregnancy. In the setting of an anthrax event that poses a high risk for exposure to aerosolized B. anthracis spores, pregnancy is neither a precaution nor a contraindication to vaccination. Pregnant women at risk for inhalation anthrax should receive AVA and antimicrobial drug therapy regardless of pregnancy trimester (Meanye-Delman D et al., Emerg Infect Dis, 20(2), 2014).","useContext":[{"code":{"system":"http://terminology.hl7.org/CodeSystem/usage-context-type","code":"age","display":"Age Range"},"valueRange":{"low":{"value":18}}},{"code":{"system":"http://terminology.hl7.org/CodeSystem/usage-context-type","code":"venue","display":"Clinical Venue"},"valueCodeableConcept":{"coding":[{"system":"http://snomed.info/sct","code":"440655000","display":"Outpatient environment"}]}},{"code":{"system":"http://terminology.hl7.org/CodeSystem/usage-context-type","code":"focus","display":"Clinical Focus"},"valueCodeableConcept":{"coding":[{"system":"http://hl7.org/fhir/sid/icd-10-cm","code":"Z20.810","display":"Contact with and (suspected) exposure to anthrax"}]}},{"code":{"system":"http://terminology.hl7.org/CodeSystem/usage-context-type","code":"focus","display":"Clinical Focus"},"valueCodeableConcept":{"coding":[{"system":"http://snomed.info/sct","code":"170475009","display":"Exposure to Bacillus anthracis (event)"}]}},{"code":{"system":"http://terminology.hl7.org/CodeSystem/usage-context-type","code":"focus","display":"Clinical Focus"},"valueCodeableConcept":{"coding":[{"system":"http://snomed.info/sct","code":"84387000","display":"Asymptomatic (finding)"}]}}],"purpose":"Provides clinicians with information for quickly assessing individuals exposed to anthrax unrelated to occupational exposure, for example in bioterrorism events, and provides the recommended post-exposure prophylaxis (PEP) regimen for asymptomatic patients. Includes immediate treatment with antimicrobials and vaccine and follow-up administration of subsequent vaccines to complete the recommended 3-dose vaccination series.","usage":"Intended for use by clinicians caring for individuals ≥18 years of age in an outpatient setting.","approvalDate":"2019-06-07","lastReviewDate":"2019-06-07","effectivePeriod":{"start":"2019-06-07"},"topic":[{"text":"Anthrax"},{"text":"Emergency Medicine"},{"text":"Post-Exposure Prophylaxis"}],"author":[{"name":"Alliance to Modernize Healthcare FFRDC"}],"endorser":[{"name":"Centers for Disease Control and Prevention"}],"kind":"MedicationRequest","productCodeableConcept":{"coding":[{"system":"http://www.nlm.nih.gov/research/umls/rxnorm","code":"309309","display":"Ciprofloxacin 500 MG Oral Tablet"}],"text":"Ciprofloxacin 500 MG Oral Tablet"},"quantity":{"value":120,"system":"http://terminology.hl7.org/CodeSystem/v3-orderableDrugForm","code":"ORTAB"},"dosage":[{"text":"One every 12 hours for 60 days","additionalInstruction":[{"text":"CONTRAINDICATIONS: Diagnosis of myasthenia gravis and taking tizanidine."},{"text":"CAUTIONS: If patient is taking  blood thinners, oral antidiabetic drugs, seizure drugs, theophylline, drugs that prolong QT interval, duloxetine (Cymbalta), zolpidem (Ambien), clozapine or any other drug that may interact and cause serious side effects, consider another antibiotic regimen."},{"text":"Provide patient education on medications."}],"patientInstruction":"Take with full glass of water","timing":{"repeat":{"frequency":1,"period":12,"periodUnit":"h"}},"route":{"coding":[{"system":"http://snomed.info/sct","code":"26643006","display":"Oral Route"}]},"method":{"coding":[{"system":"http://snomed.info/sct","code":"421521009","display":"Swallow - dosing instruction imperative (qualifier value)"}]}}]},{"resourceType":"ActivityDefinition","id":"DoxycyclineRequest","url":"http://hl7.org/fhir/uv/cpg/anthrax/ActivityDefinition/DoxycyclineRequest","identifier":[{"value":"Anthrax_Post_Exposure_Prophylaxis_FHIRv102_CQL_v110/DoxycyclineRequest"}],"name":"Anthrax_Post_Exposure_Prophylaxis_Adults_Doxycycline_Request","title":"Doxycycline Request","status":"draft","experimental":true,"description":"In 2009, the US Advisory Committee on Immunization Practices recommended in addition to antimicrobial therapy, a 3-dose series of Anthrax Vaccine Adsorbed (AVA) BioThrax (Emergent BioSolutions Inc., Rockville, MD, USA) for long-term protection after exposure to anthrax  in individuals without any previous vaccine. After exposure to aerosolized B. anthracis spores, antimicrobial therapy should be initiated as soon as possible. Ideally, the first dose of vaccine should be administered within 10 days. ACIP recommends a post exposure regimen of 60 days of appropriate antimicrobial prophylaxis (covered previously) combined with 3 subcutaneous doses of AVA (administered at 0, 2, and 4 weeks post exposure) as the most effective protection against inhalation anthrax for previously unvaccinated persons aged ≥18 years who have been exposed to aerosolized B. anthracis spores. In general, the peak serologic response to anthrax vaccine occurs 10–14 days after the third dose. (Wright, J.G et al., Morbidity and Mortality Weekly Report, July 23, 2010 / 59(RR06); 1-30). Additionally, the Advisory Committee on Immunization Practices subsequently reviewed all safety data available as of March 2008, including the final results of a retrospective study, and concluded that AVA is safe to administer to anthrax-exposed women during pregnancy. In the setting of an anthrax event that poses a high risk for exposure to aerosolized B. anthracis spores, pregnancy is neither a precaution nor a contraindication to vaccination. Pregnant women at risk for inhalation anthrax should receive AVA and antimicrobial drug therapy regardless of pregnancy trimester (Meanye-Delman D et al., Emerg Infect Dis, 20(2), 2014).","useContext":[{"code":{"system":"http://terminology.hl7.org/CodeSystem/usage-context-type","code":"age","display":"Age Range"},"valueRange":{"low":{"value":18}}},{"code":{"system":"http://terminology.hl7.org/CodeSystem/usage-context-type","code":"venue","display":"Clinical Venue"},"valueCodeableConcept":{"coding":[{"system":"http://snomed.info/sct","code":"440655000","display":"Outpatient environment"}]}},{"code":{"system":"http://terminology.hl7.org/CodeSystem/usage-context-type","code":"focus","display":"Clinical Focus"},"valueCodeableConcept":{"coding":[{"system":"http://hl7.org/fhir/sid/icd-10-cm","code":"Z20.810","display":"Contact with and (suspected) exposure to anthrax"}]}},{"code":{"system":"http://terminology.hl7.org/CodeSystem/usage-context-type","code":"focus","display":"Clinical Focus"},"valueCodeableConcept":{"coding":[{"system":"http://snomed.info/sct","code":"170475009","display":"Exposure to Bacillus anthracis (event)"}]}},{"code":{"system":"http://terminology.hl7.org/CodeSystem/usage-context-type","code":"focus","display":"Clinical Focus"},"valueCodeableConcept":{"coding":[{"system":"http://snomed.info/sct","code":"84387000","display":"Asymptomatic (finding)"}]}}],"purpose":"Provides clinicians with information for quickly assessing individuals exposed to anthrax unrelated to occupational exposure, for example in bioterrorism events, and provides the recommended post-exposure prophylaxis (PEP) regimen for asymptomatic patients. Includes immediate treatment with antimicrobials and vaccine and follow-up administration of subsequent vaccines to complete the recommended 3-dose vaccination series.","usage":"Intended for use by clinicians caring for individuals ≥18 years of age in an outpatient setting.","approvalDate":"2019-06-07","lastReviewDate":"2019-06-07","effectivePeriod":{"start":"2019-06-07"},"topic":[{"text":"Anthrax"},{"text":"Emergency Medicine"},{"text":"Post-Exposure Prophylaxis"}],"author":[{"name":"Alliance to Modernize Healthcare FFRDC"}],"endorser":[{"name":"Centers for Disease Control and Prevention"}],"kind":"MedicationRequest","productCodeableConcept":{"coding":[{"system":"http://www.nlm.nih.gov/research/umls/rxnorm","code":"1650143","display":"doxycycline hyclate 100 MG Oral Tablet"}],"text":"doxycycline hyclate 100 MG Oral Tablet"},"quantity":{"value":120,"system":"http://terminology.hl7.org/CodeSystem/v3-orderableDrugForm","code":"ORTAB"},"dosage":[{"text":"One every 12 hours for 60 days","additionalInstruction":[{"text":"CAUTIONS: If patient is taking  blood thinners, oral antidiabetic drugs, seizure drugs, or any other drug that may interact and cause serious side effects, consider another antibiotic regimen."},{"text":"Provide patient education on medications."}],"patientInstruction":"Take with full glass of water","timing":{"repeat":{"frequency":1,"period":12,"periodUnit":"h"}},"route":{"coding":[{"system":"http://snomed.info/sct","code":"26643006","display":"Oral Route"}]},"method":{"coding":[{"system":"http://snomed.info/sct","code":"421521009","display":"Swallow - dosing instruction imperative (qualifier value)"}]}}]},{"resourceType":"ActivityDefinition","id":"LevofloxacinRequest","url":"http://hl7.org/fhir/uv/cpg/anthrax/ActivityDefinition/LevofloxacinRequest","identifier":[{"value":"Anthrax_Post_Exposure_Prophylaxis_FHIRv102_CQL_v110/LevofloxacinRequest"}],"name":"Anthrax_Post_Exposure_Prophylaxis_Adults_Levofloxacin_Request","title":"Levofloxacin Request","status":"draft","experimental":true,"description":"In 2009, the US Advisory Committee on Immunization Practices recommended in addition to antimicrobial therapy, a 3-dose series of Anthrax Vaccine Adsorbed (AVA) BioThrax (Emergent BioSolutions Inc., Rockville, MD, USA) for long-term protection after exposure to anthrax  in individuals without any previous vaccine. After exposure to aerosolized B. anthracis spores, antimicrobial therapy should be initiated as soon as possible. Ideally, the first dose of vaccine should be administered within 10 days. ACIP recommends a post exposure regimen of 60 days of appropriate antimicrobial prophylaxis (covered previously) combined with 3 subcutaneous doses of AVA (administered at 0, 2, and 4 weeks post exposure) as the most effective protection against inhalation anthrax for previously unvaccinated persons aged ≥18 years who have been exposed to aerosolized B. anthracis spores. In general, the peak serologic response to anthrax vaccine occurs 10–14 days after the third dose. (Wright, J.G et al., Morbidity and Mortality Weekly Report, July 23, 2010 / 59(RR06); 1-30). Additionally, the Advisory Committee on Immunization Practices subsequently reviewed all safety data available as of March 2008, including the final results of a retrospective study, and concluded that AVA is safe to administer to anthrax-exposed women during pregnancy. In the setting of an anthrax event that poses a high risk for exposure to aerosolized B. anthracis spores, pregnancy is neither a precaution nor a contraindication to vaccination. Pregnant women at risk for inhalation anthrax should receive AVA and antimicrobial drug therapy regardless of pregnancy trimester (Meanye-Delman D et al., Emerg Infect Dis, 20(2), 2014).","useContext":[{"code":{"system":"http://terminology.hl7.org/CodeSystem/usage-context-type","code":"age","display":"Age Range"},"valueRange":{"low":{"value":18}}},{"code":{"system":"http://terminology.hl7.org/CodeSystem/usage-context-type","code":"venue","display":"Clinical Venue"},"valueCodeableConcept":{"coding":[{"system":"http://snomed.info/sct","code":"440655000","display":"Outpatient environment"}]}},{"code":{"system":"http://terminology.hl7.org/CodeSystem/usage-context-type","code":"focus","display":"Clinical Focus"},"valueCodeableConcept":{"coding":[{"system":"http://hl7.org/fhir/sid/icd-10-cm","code":"Z20.810","display":"Contact with and (suspected) exposure to anthrax"}]}},{"code":{"system":"http://terminology.hl7.org/CodeSystem/usage-context-type","code":"focus","display":"Clinical Focus"},"valueCodeableConcept":{"coding":[{"system":"http://snomed.info/sct","code":"170475009","display":"Exposure to Bacillus anthracis (event)"}]}},{"code":{"system":"http://terminology.hl7.org/CodeSystem/usage-context-type","code":"focus","display":"Clinical Focus"},"valueCodeableConcept":{"coding":[{"system":"http://snomed.info/sct","code":"84387000","display":"Asymptomatic (finding)"}]}}],"purpose":"Provides clinicians with information for quickly assessing individuals exposed to anthrax unrelated to occupational exposure, for example in bioterrorism events, and provides the recommended post-exposure prophylaxis (PEP) regimen for asymptomatic patients. Includes immediate treatment with antimicrobials and vaccine and follow-up administration of subsequent vaccines to complete the recommended 3-dose vaccination series.","usage":"Intended for use by clinicians caring for individuals ≥18 years of age in an outpatient setting.","approvalDate":"2019-06-07","lastReviewDate":"2019-06-07","effectivePeriod":{"start":"2019-06-07"},"topic":[{"text":"Anthrax"},{"text":"Emergency Medicine"},{"text":"Post-Exposure Prophylaxis"}],"author":[{"name":"Alliance to Modernize Healthcare FFRDC"}],"endorser":[{"name":"Centers for Disease Control and Prevention"}],"kind":"MedicationRequest","productCodeableConcept":{"coding":[{"system":"http://www.nlm.nih.gov/research/umls/rxnorm","code":"311296","display":"Levofloxacin 750 MG Oral Tablet"}],"text":"Levofloxacin 750 MG Oral Tablet"},"quantity":{"value":60,"system":"http://terminology.hl7.org/CodeSystem/v3-orderableDrugForm","code":"ORTAB"},"dosage":[{"text":"One every day for 60 days","additionalInstruction":[{"text":"none"}],"timing":{"repeat":{"frequency":1,"period":1,"periodUnit":"d"}},"route":{"coding":[{"system":"http://snomed.info/sct","code":"26643006","display":"Oral Route"}]},"method":{"coding":[{"system":"http://snomed.info/sct","code":"421521009","display":"Swallow - dosing instruction imperative (qualifier value)"}]}}]},{"resourceType":"ActivityDefinition","id":"MoxifloxacinRequest","url":"http://hl7.org/fhir/uv/cpg/anthrax/ActivityDefinition/MoxifloxacinRequest","identifier":[{"value":"Anthrax_Post_Exposure_Prophylaxis_FHIRv102_CQL_v110/MoxifloxacinRequest"}],"name":"Anthrax_Post_Exposure_Prophylaxis_Adults_Moxifloxacin_Request","title":"Moxifloxacin Request","status":"draft","experimental":true,"description":"In 2009, the US Advisory Committee on Immunization Practices recommended in addition to antimicrobial therapy, a 3-dose series of Anthrax Vaccine Adsorbed (AVA) BioThrax (Emergent BioSolutions Inc., Rockville, MD, USA) for long-term protection after exposure to anthrax  in individuals without any previous vaccine. After exposure to aerosolized B. anthracis spores, antimicrobial therapy should be initiated as soon as possible. Ideally, the first dose of vaccine should be administered within 10 days. ACIP recommends a post exposure regimen of 60 days of appropriate antimicrobial prophylaxis (covered previously) combined with 3 subcutaneous doses of AVA (administered at 0, 2, and 4 weeks post exposure) as the most effective protection against inhalation anthrax for previously unvaccinated persons aged ≥18 years who have been exposed to aerosolized B. anthracis spores. In general, the peak serologic response to anthrax vaccine occurs 10–14 days after the third dose. (Wright, J.G et al., Morbidity and Mortality Weekly Report, July 23, 2010 / 59(RR06); 1-30). Additionally, the Advisory Committee on Immunization Practices subsequently reviewed all safety data available as of March 2008, including the final results of a retrospective study, and concluded that AVA is safe to administer to anthrax-exposed women during pregnancy. In the setting of an anthrax event that poses a high risk for exposure to aerosolized B. anthracis spores, pregnancy is neither a precaution nor a contraindication to vaccination. Pregnant women at risk for inhalation anthrax should receive AVA and antimicrobial drug therapy regardless of pregnancy trimester (Meanye-Delman D et al., Emerg Infect Dis, 20(2), 2014).","useContext":[{"code":{"system":"http://terminology.hl7.org/CodeSystem/usage-context-type","code":"age","display":"Age Range"},"valueRange":{"low":{"value":18}}},{"code":{"system":"http://terminology.hl7.org/CodeSystem/usage-context-type","code":"venue","display":"Clinical Venue"},"valueCodeableConcept":{"coding":[{"system":"http://snomed.info/sct","code":"440655000","display":"Outpatient environment"}]}},{"code":{"system":"http://terminology.hl7.org/CodeSystem/usage-context-type","code":"focus","display":"Clinical Focus"},"valueCodeableConcept":{"coding":[{"system":"http://hl7.org/fhir/sid/icd-10-cm","code":"Z20.810","display":"Contact with and (suspected) exposure to anthrax"}]}},{"code":{"system":"http://terminology.hl7.org/CodeSystem/usage-context-type","code":"focus","display":"Clinical Focus"},"valueCodeableConcept":{"coding":[{"system":"http://snomed.info/sct","code":"170475009","display":"Exposure to Bacillus anthracis (event)"}]}},{"code":{"system":"http://terminology.hl7.org/CodeSystem/usage-context-type","code":"focus","display":"Clinical Focus"},"valueCodeableConcept":{"coding":[{"system":"http://snomed.info/sct","code":"84387000","display":"Asymptomatic (finding)"}]}}],"purpose":"Provides clinicians with information for quickly assessing individuals exposed to anthrax unrelated to occupational exposure, for example in bioterrorism events, and provides the recommended post-exposure prophylaxis (PEP) regimen for asymptomatic patients. Includes immediate treatment with antimicrobials and vaccine and follow-up administration of subsequent vaccines to complete the recommended 3-dose vaccination series.","usage":"Intended for use by clinicians caring for individuals ≥18 years of age in an outpatient setting.","approvalDate":"2019-06-07","lastReviewDate":"2019-06-07","effectivePeriod":{"start":"2019-06-07"},"topic":[{"text":"Anthrax"},{"text":"Emergency Medicine"},{"text":"Post-Exposure Prophylaxis"}],"author":[{"name":"Alliance to Modernize Healthcare FFRDC"}],"endorser":[{"name":"Centers for Disease Control and Prevention"}],"kind":"MedicationRequest","productCodeableConcept":{"coding":[{"system":"http://www.nlm.nih.gov/research/umls/rxnorm","code":"311787","display":"moxifloxacin HCl 400 MG Oral Tablet"}],"text":"moxifloxacin HCl 400 MG Oral Tablet"},"quantity":{"value":60,"system":"http://terminology.hl7.org/CodeSystem/v3-orderableDrugForm","code":"ORTAB"},"dosage":[{"text":"One every day for 60 days","additionalInstruction":[{"text":"none"}],"timing":{"repeat":{"frequency":1,"period":1,"periodUnit":"d"}},"route":{"coding":[{"system":"http://snomed.info/sct","code":"26643006","display":"Oral Route"}]},"method":{"coding":[{"system":"http://snomed.info/sct","code":"421521009","display":"Swallow - dosing instruction imperative (qualifier value)"}]}}]},{"resourceType":"ActivityDefinition","id":"ClindamycinRequest","url":"http://hl7.org/fhir/uv/cpg/anthrax/ActivityDefinition/ClindamycinRequest","identifier":[{"value":"Anthrax_Post_Exposure_Prophylaxis_FHIRv102_CQL_v110/ClindamycinRequest"}],"name":"Anthrax_Post_Exposure_Prophylaxis_Adults_Clindamycin_Request","title":"Clindamycin Request","status":"draft","experimental":true,"description":"In 2009, the US Advisory Committee on Immunization Practices recommended in addition to antimicrobial therapy, a 3-dose series of Anthrax Vaccine Adsorbed (AVA) BioThrax (Emergent BioSolutions Inc., Rockville, MD, USA) for long-term protection after exposure to anthrax  in individuals without any previous vaccine. After exposure to aerosolized B. anthracis spores, antimicrobial therapy should be initiated as soon as possible. Ideally, the first dose of vaccine should be administered within 10 days. ACIP recommends a post exposure regimen of 60 days of appropriate antimicrobial prophylaxis (covered previously) combined with 3 subcutaneous doses of AVA (administered at 0, 2, and 4 weeks post exposure) as the most effective protection against inhalation anthrax for previously unvaccinated persons aged ≥18 years who have been exposed to aerosolized B. anthracis spores. In general, the peak serologic response to anthrax vaccine occurs 10–14 days after the third dose. (Wright, J.G et al., Morbidity and Mortality Weekly Report, July 23, 2010 / 59(RR06); 1-30). Additionally, the Advisory Committee on Immunization Practices subsequently reviewed all safety data available as of March 2008, including the final results of a retrospective study, and concluded that AVA is safe to administer to anthrax-exposed women during pregnancy. In the setting of an anthrax event that poses a high risk for exposure to aerosolized B. anthracis spores, pregnancy is neither a precaution nor a contraindication to vaccination. Pregnant women at risk for inhalation anthrax should receive AVA and antimicrobial drug therapy regardless of pregnancy trimester (Meanye-Delman D et al., Emerg Infect Dis, 20(2), 2014).","useContext":[{"code":{"system":"http://terminology.hl7.org/CodeSystem/usage-context-type","code":"age","display":"Age Range"},"valueRange":{"low":{"value":18}}},{"code":{"system":"http://terminology.hl7.org/CodeSystem/usage-context-type","code":"venue","display":"Clinical Venue"},"valueCodeableConcept":{"coding":[{"system":"http://snomed.info/sct","code":"440655000","display":"Outpatient environment"}]}},{"code":{"system":"http://terminology.hl7.org/CodeSystem/usage-context-type","code":"focus","display":"Clinical Focus"},"valueCodeableConcept":{"coding":[{"system":"http://hl7.org/fhir/sid/icd-10-cm","code":"Z20.810","display":"Contact with and (suspected) exposure to anthrax"}]}},{"code":{"system":"http://terminology.hl7.org/CodeSystem/usage-context-type","code":"focus","display":"Clinical Focus"},"valueCodeableConcept":{"coding":[{"system":"http://snomed.info/sct","code":"170475009","display":"Exposure to Bacillus anthracis (event)"}]}},{"code":{"system":"http://terminology.hl7.org/CodeSystem/usage-context-type","code":"focus","display":"Clinical Focus"},"valueCodeableConcept":{"coding":[{"system":"http://snomed.info/sct","code":"84387000","display":"Asymptomatic (finding)"}]}}],"purpose":"Provides clinicians with information for quickly assessing individuals exposed to anthrax unrelated to occupational exposure, for example in bioterrorism events, and provides the recommended post-exposure prophylaxis (PEP) regimen for asymptomatic patients. Includes immediate treatment with antimicrobials and vaccine and follow-up administration of subsequent vaccines to complete the recommended 3-dose vaccination series.","usage":"Intended for use by clinicians caring for individuals ≥18 years of age in an outpatient setting.","approvalDate":"2019-06-07","lastReviewDate":"2019-06-07","effectivePeriod":{"start":"2019-06-07"},"topic":[{"text":"Anthrax"},{"text":"Emergency Medicine"},{"text":"Post-Exposure Prophylaxis"}],"author":[{"name":"Alliance to Modernize Healthcare FFRDC"}],"endorser":[{"name":"Centers for Disease Control and Prevention"}],"kind":"MedicationRequest","productCodeableConcept":{"coding":[{"system":"http://www.nlm.nih.gov/research/umls/rxnorm","code":"284215","display":"clindamycin HCl 300 MG Oral Capsule"}],"text":"clindamycin HCl 300 MG Oral Capsule"},"quantity":{"value":360,"system":"http://terminology.hl7.org/CodeSystem/v3-orderableDrugForm","code":"ORTAB"},"dosage":[{"text":"Two tablets every 8 hours for 60 days","additionalInstruction":[{"text":"none"}],"timing":{"repeat":{"frequency":2,"period":8,"periodUnit":"h"}},"route":{"coding":[{"system":"http://snomed.info/sct","code":"26643006","display":"Oral Route"}]},"method":{"coding":[{"system":"http://snomed.info/sct","code":"421521009","display":"Swallow - dosing instruction imperative (qualifier value)"}]}}]},{"resourceType":"ActivityDefinition","id":"Inline-Vaccine-Request-11","url":"http://hl7.org/fhir/uv/cpg/anthrax/ActivityDefinition/Inline-Vaccine-Request-11","identifier":[{"value":"Anthrax_Post_Exposure_Prophylaxis_FHIRv102_CQL_v110/VaccineRequest"}],"name":"Anthrax_Post_Exposure_Prophylaxis_Adults_Vaccine_Request","title":"Anthrax Post Exposure Prophylaxis (PEP) for Adults: Vaccine Request","status":"draft","experimental":true,"description":"In 2009, the US Advisory Committee on Immunization Practices recommended in addition to antimicrobial therapy, a 3-dose series of Anthrax Vaccine Adsorbed (AVA) BioThrax (Emergent BioSolutions Inc., Rockville, MD, USA) for long-term protection after exposure to anthrax  in individuals without any previous vaccine. After exposure to aerosolized B. anthracis spores, antimicrobial therapy should be initiated as soon as possible. Ideally, the first dose of vaccine should be administered within 10 days. ACIP recommends a post exposure regimen of 60 days of appropriate antimicrobial prophylaxis (covered previously) combined with 3 subcutaneous doses of AVA (administered at 0, 2, and 4 weeks post exposure) as the most effective protection against inhalation anthrax for previously unvaccinated persons aged ≥18 years who have been exposed to aerosolized B. anthracis spores. In general, the peak serologic response to anthrax vaccine occurs 10–14 days after the third dose. (Wright, J.G et al., Morbidity and Mortality Weekly Report, July 23, 2010 / 59(RR06); 1-30). Additionally, the Advisory Committee on Immunization Practices subsequently reviewed all safety data available as of March 2008, including the final results of a retrospective study, and concluded that AVA is safe to administer to anthrax-exposed women during pregnancy. In the setting of an anthrax event that poses a high risk for exposure to aerosolized B. anthracis spores, pregnancy is neither a precaution nor a contraindication to vaccination. Pregnant women at risk for inhalation anthrax should receive AVA and antimicrobial drug therapy regardless of pregnancy trimester (Meanye-Delman D et al., Emerg Infect Dis, 20(2), 2014).","useContext":[{"code":{"system":"http://terminology.hl7.org/CodeSystem/usage-context-type","code":"age","display":"Age Range"},"valueRange":{"low":{"value":18}}},{"code":{"system":"http://terminology.hl7.org/CodeSystem/usage-context-type","code":"venue","display":"Clinical Venue"},"valueCodeableConcept":{"coding":[{"system":"http://snomed.info/sct","code":"440655000","display":"Outpatient environment"}]}},{"code":{"system":"http://terminology.hl7.org/CodeSystem/usage-context-type","code":"focus","display":"Clinical Focus"},"valueCodeableConcept":{"coding":[{"system":"http://hl7.org/fhir/sid/icd-10-cm","code":"Z20.810","display":"Contact with and (suspected) exposure to anthrax"}]}},{"code":{"system":"http://terminology.hl7.org/CodeSystem/usage-context-type","code":"focus","display":"Clinical Focus"},"valueCodeableConcept":{"coding":[{"system":"http://snomed.info/sct","code":"170475009","display":"Exposure to Bacillus anthracis (event)"}]}},{"code":{"system":"http://terminology.hl7.org/CodeSystem/usage-context-type","code":"focus","display":"Clinical Focus"},"valueCodeableConcept":{"coding":[{"system":"http://snomed.info/sct","code":"84387000","display":"Asymptomatic (finding)"}]}}],"purpose":"Provides clinicians with information for quickly assessing individuals exposed to anthrax unrelated to occupational exposure, for example in bioterrorism events, and provides the recommended post-exposure prophylaxis (PEP) regimen for asymptomatic patients. Includes immediate treatment with antimicrobials and vaccine and follow-up administration of subsequent vaccines to complete the recommended 3-dose vaccination series.","usage":"Intended for use by clinicians caring for individuals ≥18 years of age in an outpatient setting.","approvalDate":"2019-06-07","lastReviewDate":"2019-06-07","effectivePeriod":{"start":"2019-06-07"},"topic":[{"text":"Anthrax"},{"text":"Emergency Medicine"},{"text":"Post-Exposure Prophylaxis"}],"author":[{"name":"Alliance to Modernize Healthcare FFRDC"}],"endorser":[{"name":"Centers for Disease Control and Prevention"}],"kind":"ImmunizationRecommendation","code":{"coding":[{"system":"http://snomed.info/sct","code":"49598002","display":"Anthrax vaccination"},{"system":"http://snomed.info/sct","code":"170340005","display":"Third anthrax vaccination"}]},"productCodeableConcept":{"coding":[{"system":"http://hl7.org/fhir/sid/cvx","code":"24","display":"Anthrax vaccine"}]},"dosage":[{"text":"0.5mL","additionalInstruction":[{"text":"Epinephrine solution (1:1000) should be available for immediate use in the event that an anaphylactic reaction occurs."}],"route":{"coding":[{"system":"http://snomed.info/sct","code":"34206005","display":"Subcutaneous route"}]},"doseAndRate":[{"doseQuantity":{"value":0.5,"unit":"mL","system":"http://unitsofmeasure.org","code":"mL"}}]}]}],"url":"http://hl7.org/fhir/uv/cpg/anthrax/PlanDefinition/third-vaccinedose-notpregnant-pd","identifier":[{"value":"Anthrax_Post_Exposure_Prophylaxis_FHIRv102_CQL_v110/OrderSet"}],"version":"1.1.0","name":"Anthrax_Post_Exposure_Prophylaxis_Adults","title":"Third vaccine not pregnant","type":{"coding":[{"system":"http://terminology.hl7.org/CodeSystem/plan-definition-type","code":"eca-rule","display":"ECA Rule"},{"system":"http://terminology.hl7.org/CodeSystem/plan-definition-type","code":"order-set","display":"Order Set"}]},"status":"draft","experimental":true,"date":"2024-11-18T16:30:23+00:00","publisher":"HL7 International - Clinical Decision Support WG","contact":[{"name":"HL7 International - Clinical Decision Support WG","telecom":[{"system":"url","value":"http://www.hl7.org/Special/committees/dss/index.cfm"}]}],"description":"Provides information for treating patients greater than or equal to 18 years old exposed to anthrax within the past 60 days, who do not have anthrax. It is divided into two parts: \\n- Part #1: For patients that may be symptomatic to flag the need to conduct a full diagnostic evaluation to rule out anthrax before proceeding with post-exposure prophylaxis (PEP) \\n- Part #2: For patients  who are  asymptomatic (not displaying signs and symptoms of anthrax), it provides recommended PEP regimen","useContext":[{"code":{"system":"http://terminology.hl7.org/CodeSystem/usage-context-type","code":"age","display":"Age Range"},"valueRange":{"low":{"value":18}}},{"code":{"system":"http://terminology.hl7.org/CodeSystem/usage-context-type","code":"venue","display":"Clinical Venue"},"valueCodeableConcept":{"coding":[{"system":"http://snomed.info/sct","code":"440655000","display":"Outpatient environment"}]}},{"code":{"system":"http://terminology.hl7.org/CodeSystem/usage-context-type","code":"focus","display":"Clinical Focus"},"valueCodeableConcept":{"coding":[{"system":"http://hl7.org/fhir/sid/icd-10-cm","code":"Z20.810","display":"Contact with and (suspected) exposure to anthrax"}]}},{"code":{"system":"http://terminology.hl7.org/CodeSystem/usage-context-type","code":"focus","display":"Clinical Focus"},"valueCodeableConcept":{"coding":[{"system":"http://snomed.info/sct","code":"170475009","display":"Exposure to Bacillus anthracis (event)"}]}},{"code":{"system":"http://terminology.hl7.org/CodeSystem/usage-context-type","code":"focus","display":"Clinical Focus"},"valueCodeableConcept":{"coding":[{"system":"http://snomed.info/sct","code":"84387000","display":"Asymptomatic (finding)"}]}}],"jurisdiction":[{"coding":[{"system":"http://unstats.un.org/unsd/methods/m49/m49.htm","code":"001","display":"World"}]}],"purpose":"Provides clinicians with information for quickly assessing individuals exposed to anthrax unrelated to occupational exposure, for example in bioterrorism events, and provides the recommended post-exposure prophylaxis (PEP) regimen for asymptomatic patients. Includes immediate treatment with antimicrobials and vaccine and follow-up administration of subsequent vaccines to complete the recommended 3-dose vaccination series.","usage":"Intended for use by clinicians caring for individuals ≥18 years of age in an outpatient setting.","approvalDate":"2019-06-07","lastReviewDate":"2019-06-07","effectivePeriod":{"start":"2019-06-07"},"topic":[{"text":"Anthrax"},{"text":"Emergency Medicine"},{"text":"Post-Exposure Prophylaxis"}],"author":[{"name":"Alliance to Modernize Healthcare FFRDC"}],"endorser":[{"name":"Centers for Disease Control and Prevention"}],"library":["http://hl7.org/fhir/uv/cpg/anthrax/Library/anthrax-post-exposure-prophylaxis-library"],"action":[{"title":"Anthrax Post Exposure Prophylaxis 14","trigger":[{"type":"data-added","data":[{"type":"Condition","codeFilter":[{"path":"code","code":[{"system":"http://hl7.org/fhir/sid/icd-10-cm","code":"Z20.810","display":"Contact with and (suspected) exposure to anthrax"},{"system":"http://snomed.info/sct","code":"170475009","display":"Exposure to Bacillus anthracis (event)"}]}]}]},{"type":"data-added","data":[{"type":"Observation","codeFilter":[{"path":"code","code":[{"system":"http://hl7.org/fhir/sid/icd-10-cm","code":"Z20.810","display":"Contact with and (suspected) exposure to anthrax"},{"system":"http://snomed.info/sct","code":"170475009","display":"Exposure to Bacillus anthracis (event)"},{"system":"http://snomed.info/sct","code":"84387000","display":"Asymptomatic (finding)"}]}]}]}],"condition":[{"kind":"applicability","expression":{"language":"text/cql","expression":"GenerateOrderSet"}}],"groupingBehavior":"logical-group","selectionBehavior":"any","action":[{"title":"Antimicrobial medications for anthrax post-exposure prophylaxis","groupingBehavior":"visual-group","selectionBehavior":"at-most-one","action":[{"title":"First line antimicrobial medications for anthrax post-exposure prophylaxis","groupingBehavior":"visual-group","selectionBehavior":"at-most-one","action":[{"type":{"coding":[{"system":"http://terminology.hl7.org/CodeSystem/action-type","code":"create","display":"Create"}]},"definitionCanonical":"#CiprofloxacinRequest"},{"type":{"coding":[{"system":"http://terminology.hl7.org/CodeSystem/action-type","code":"create","display":"Create"}]},"definitionCanonical":"#DoxycyclineRequest"}]},{"title":"Second line antimicrobial medications for anthrax post-exposure prophylaxis","groupingBehavior":"visual-group","selectionBehavior":"at-most-one","action":[{"type":{"coding":[{"system":"http://terminology.hl7.org/CodeSystem/action-type","code":"create","display":"Create"}]},"definitionCanonical":"#LevofloxacinRequest"},{"type":{"coding":[{"system":"http://terminology.hl7.org/CodeSystem/action-type","code":"create","display":"Create"}]},"definitionCanonical":"#MoxifloxacinRequest"},{"type":{"coding":[{"system":"http://terminology.hl7.org/CodeSystem/action-type","code":"create","display":"Create"}]},"definitionCanonical":"#ClindamycinRequest"}]}]},{"title":"Anthrax Vaccination - 3rd dose","type":{"coding":[{"system":"http://terminology.hl7.org/CodeSystem/action-type","code":"create","display":"Create"}]},"definitionCanonical":"#Inline-Vaccine-Request-11"}]}]}