{
  "resourceType" : "AllergyIntolerance",
  "id" : "allergy-2",
  "text" : {
    "status" : "generated",
    "div" : "<div xmlns=\"http://www.w3.org/1999/xhtml\"><p class=\"res-header-id\"><b>Generated Narrative: AllergyIntolerance allergy-2</b></p><a name=\"allergy-2\"> </a><a name=\"hcallergy-2\"> </a><a name=\"allergy-2-en-US\"> </a><p><b>clinicalStatus</b>: <span title=\"Codes:{http://terminology.hl7.org/CodeSystem/allergyintolerance-clinical active}\">Active</span></p><p><b>verificationStatus</b>: <span title=\"Codes:{http://terminology.hl7.org/CodeSystem/allergyintolerance-verification confirmed}\">Confirmed</span></p><p><b>code</b>: <span title=\"Codes:{http://snomed.info/sct 111088007}\">Latex (substance)</span></p><p><b>patient</b>: <a href=\"Patient-patient-1.html\">John Smith  Male, DoB: 2000-01-01</a></p><p><b>recordedDate</b>: 2016-05-28 15:00:00+0000</p></div>"
  },
  "clinicalStatus" : {
    "coding" : [{
      "system" : "http://terminology.hl7.org/CodeSystem/allergyintolerance-clinical",
      "code" : "active"
    }]
  },
  "verificationStatus" : {
    "coding" : [{
      "system" : "http://terminology.hl7.org/CodeSystem/allergyintolerance-verification",
      "code" : "confirmed",
      "display" : "Confirmed"
    }]
  },
  "code" : {
    "coding" : [{
      "system" : "http://snomed.info/sct",
      "code" : "111088007",
      "display" : "Latex (substance)"
    }],
    "text" : "Latex (substance)"
  },
  "patient" : {
    "reference" : "Patient/patient-1"
  },
  "recordedDate" : "2016-05-28T15:00:00.000Z"
}