{
  "resourceType" : "Bundle",
  "id" : "bundle-50",
  "type" : "collection",
  "entry" : [{
    "fullUrl" : "http://cqframework.org/cpg-example-anthrax/Patient/patient-3",
    "resource" : {
      "resourceType" : "Patient",
      "id" : "patient-3",
      "text" : {
        "status" : "generated",
        "div" : "<div xmlns=\"http://www.w3.org/1999/xhtml\"><a name=\"Patient_patient-3\"> </a><p class=\"res-header-id\"><b>Generated Narrative: Patient patient-3</b></p><a name=\"patient-3\"> </a><a name=\"hcpatient-3\"> </a><a name=\"patient-3-en-US\"> </a><p style=\"border: 1px #661aff solid; background-color: #e6e6ff; padding: 10px;\">Jane Smith  Female, DoB: 2000-01-01</p><hr/></div>"
      },
      "name" : [{
        "family" : "Smith",
        "given" : ["Jane"]
      }],
      "gender" : "female",
      "birthDate" : "2000-01-01"
    }
  },
  {
    "fullUrl" : "http://cqframework.org/cpg-example-anthrax/Condition/condition-4",
    "resource" : {
      "resourceType" : "Condition",
      "id" : "condition-4",
      "text" : {
        "status" : "generated",
        "div" : "<div xmlns=\"http://www.w3.org/1999/xhtml\"><a name=\"Condition_condition-4\"> </a><p class=\"res-header-id\"><b>Generated Narrative: Condition condition-4</b></p><a name=\"condition-4\"> </a><a name=\"hccondition-4\"> </a><a name=\"condition-4-en-US\"> </a><p><b>clinicalStatus</b>: <span title=\"Codes:{http://terminology.hl7.org/CodeSystem/condition-clinical active}\">Active</span></p><p><b>verificationStatus</b>: <span title=\"Codes:{http://terminology.hl7.org/CodeSystem/condition-ver-status confirmed}\">Confirmed</span></p><p><b>code</b>: <span title=\"Codes:{http://hl7.org/fhir/sid/icd-10-cm Z20.810}\">Contact with and (suspected) exposure to anthrax</span></p><p><b>subject</b>: <a href=\"Patient-patient-3.html\">Jane Smith  Female, DoB: 2000-01-01</a></p><p><b>onset</b>: 2019-06-02 15:00:00+0000</p></div>"
      },
      "clinicalStatus" : {
        "coding" : [{
          "system" : "http://terminology.hl7.org/CodeSystem/condition-clinical",
          "code" : "active"
        }]
      },
      "verificationStatus" : {
        "coding" : [{
          "system" : "http://terminology.hl7.org/CodeSystem/condition-ver-status",
          "code" : "confirmed"
        }]
      },
      "code" : {
        "coding" : [{
          "system" : "http://hl7.org/fhir/sid/icd-10-cm",
          "code" : "Z20.810",
          "display" : "Contact with and (suspected) exposure to anthrax"
        }],
        "text" : "Contact with and (suspected) exposure to anthrax"
      },
      "subject" : {
        "reference" : "Patient/patient-3"
      },
      "onsetDateTime" : "2019-06-02T15:00:00.000Z"
    }
  },
  {
    "fullUrl" : "http://cqframework.org/cpg-example-anthrax/Observation/observation-13",
    "resource" : {
      "resourceType" : "Observation",
      "id" : "observation-13",
      "text" : {
        "status" : "generated",
        "div" : "<div xmlns=\"http://www.w3.org/1999/xhtml\"><a name=\"Observation_observation-13\"> </a><p class=\"res-header-id\"><b>Generated Narrative: Observation observation-13</b></p><a name=\"observation-13\"> </a><a name=\"hcobservation-13\"> </a><a name=\"observation-13-en-US\"> </a><p><b>status</b>: Final</p><p><b>code</b>: <span title=\"Codes:{http://snomed.info/sct 170475009}\">Exposure to Bacillus anthracis (event)</span></p><p><b>subject</b>: <a href=\"Patient-patient-3.html\">Jane Smith  Female, DoB: 2000-01-01</a></p><p><b>effective</b>: 2019-06-02 15:00:00+0000</p><p><b>issued</b>: 2018-07-18 00:00:00+0000</p></div>"
      },
      "status" : "final",
      "code" : {
        "coding" : [{
          "system" : "http://snomed.info/sct",
          "code" : "170475009",
          "display" : "Exposure to Bacillus anthracis (event)"
        }],
        "text" : "Exposure to Bacillus anthracis (event)"
      },
      "subject" : {
        "reference" : "Patient/patient-3"
      },
      "effectiveDateTime" : "2019-06-02T15:00:00.000Z",
      "issued" : "2018-07-18T00:00:00.000Z"
    }
  },
  {
    "fullUrl" : "http://cqframework.org/cpg-example-anthrax/Observation/observation-21",
    "resource" : {
      "resourceType" : "Observation",
      "id" : "observation-21",
      "text" : {
        "status" : "generated",
        "div" : "<div xmlns=\"http://www.w3.org/1999/xhtml\"><a name=\"Observation_observation-21\"> </a><p class=\"res-header-id\"><b>Generated Narrative: Observation observation-21</b></p><a name=\"observation-21\"> </a><a name=\"hcobservation-21\"> </a><a name=\"observation-21-en-US\"> </a><p><b>status</b>: Final</p><p><b>code</b>: <span title=\"Codes:{http://snomed.info/sct 84387000}\">Asymptomatic (finding)</span></p><p><b>subject</b>: <a href=\"Patient-patient-3.html\">Jane Smith  Female, DoB: 2000-01-01</a></p><p><b>effective</b>: 2019-06-03 15:00:00+0000</p><p><b>issued</b>: 2018-07-19 00:00:00+0000</p></div>"
      },
      "status" : "final",
      "code" : {
        "coding" : [{
          "system" : "http://snomed.info/sct",
          "code" : "84387000",
          "display" : "Asymptomatic (finding)"
        }],
        "text" : "Asymptomatic (finding)"
      },
      "subject" : {
        "reference" : "Patient/patient-3"
      },
      "effectiveDateTime" : "2019-06-03T15:00:00.000Z",
      "issued" : "2018-07-19T00:00:00.000Z"
    }
  },
  {
    "fullUrl" : "http://cqframework.org/cpg-example-anthrax/Procedure/procedure-13",
    "resource" : {
      "resourceType" : "Procedure",
      "id" : "procedure-13",
      "text" : {
        "status" : "generated",
        "div" : "<div xmlns=\"http://www.w3.org/1999/xhtml\"><a name=\"Procedure_procedure-13\"> </a><p class=\"res-header-id\"><b>Generated Narrative: Procedure procedure-13</b></p><a name=\"procedure-13\"> </a><a name=\"hcprocedure-13\"> </a><a name=\"procedure-13-en-US\"> </a><p><b>status</b>: Completed</p><p><b>code</b>: <span title=\"Codes:{http://snomed.info/sct 170338000}\">First anthrax vaccination</span></p><p><b>subject</b>: <a href=\"Patient-patient-3.html\">Jane Smith  Female, DoB: 2000-01-01</a></p><p><b>performed</b>: 2019-06-03 15:00:00+0000</p></div>"
      },
      "status" : "completed",
      "code" : {
        "coding" : [{
          "system" : "http://snomed.info/sct",
          "code" : "170338000",
          "display" : "First anthrax vaccination"
        }],
        "text" : "First anthrax vaccination"
      },
      "subject" : {
        "reference" : "Patient/patient-3"
      },
      "performedDateTime" : "2019-06-03T15:00:00.000Z"
    }
  },
  {
    "fullUrl" : "http://cqframework.org/cpg-example-anthrax/Observation/observation-19",
    "resource" : {
      "resourceType" : "Observation",
      "id" : "observation-19",
      "text" : {
        "status" : "generated",
        "div" : "<div xmlns=\"http://www.w3.org/1999/xhtml\"><a name=\"Observation_observation-19\"> </a><p class=\"res-header-id\"><b>Generated Narrative: Observation observation-19</b></p><a name=\"observation-19\"> </a><a name=\"hcobservation-19\"> </a><a name=\"observation-19-en-US\"> </a><p><b>status</b>: Final</p><p><b>code</b>: <span title=\"Codes:{http://loinc.org 82810-3}\">Pregnancy status</span></p><p><b>subject</b>: <a href=\"Patient-patient-3.html\">Jane Smith  Female, DoB: 2000-01-01</a></p><p><b>effective</b>: 2019-04-03 15:00:00+0000</p><p><b>issued</b>: 2019-04-03 15:00:00+0000</p><p><b>value</b>: <span title=\"Codes:{http://snomed.info/sct 77386006}\">Patient currently pregnant</span></p></div>"
      },
      "status" : "final",
      "code" : {
        "coding" : [{
          "system" : "http://loinc.org",
          "code" : "82810-3",
          "display" : "Pregnancy status"
        }],
        "text" : "Pregnancy status"
      },
      "subject" : {
        "reference" : "Patient/patient-3"
      },
      "effectiveDateTime" : "2019-04-03T15:00:00.000Z",
      "issued" : "2019-04-03T15:00:00.000Z",
      "valueCodeableConcept" : {
        "coding" : [{
          "system" : "http://snomed.info/sct",
          "code" : "77386006",
          "display" : "Patient currently pregnant"
        }],
        "text" : "Patient currently pregnant"
      }
    }
  }]
}