{
  "resourceType" : "Bundle",
  "id" : "bundle-53",
  "type" : "collection",
  "entry" : [{
    "fullUrl" : "http://cqframework.org/cpg-example-anthrax//Patient/patient-1",
    "resource" : {
      "resourceType" : "Patient",
      "id" : "patient-1",
      "text" : {
        "status" : "generated",
        "div" : "<div xmlns=\"http://www.w3.org/1999/xhtml\"><a name=\"Patient_patient-1\"> </a><p class=\"res-header-id\"><b>Generated Narrative: Patient patient-1</b></p><a name=\"patient-1\"> </a><a name=\"hcpatient-1\"> </a><a name=\"patient-1-en-US\"> </a><p style=\"border: 1px #661aff solid; background-color: #e6e6ff; padding: 10px;\">John Smith  Male, DoB: 2000-01-01</p><hr/></div>"
      },
      "name" : [{
        "family" : "Smith",
        "given" : ["John"]
      }],
      "gender" : "male",
      "birthDate" : "2000-01-01"
    }
  },
  {
    "fullUrl" : "http://cqframework.org/cpg-example-anthrax//Condition/condition-10",
    "resource" : {
      "resourceType" : "Condition",
      "id" : "condition-10",
      "text" : {
        "status" : "generated",
        "div" : "<div xmlns=\"http://www.w3.org/1999/xhtml\"><a name=\"Condition_condition-10\"> </a><p class=\"res-header-id\"><b>Generated Narrative: Condition condition-10</b></p><a name=\"condition-10\"> </a><a name=\"hccondition-10\"> </a><a name=\"condition-10-en-US\"> </a><p><b>clinicalStatus</b>: <span title=\"Codes:{http://terminology.hl7.org/CodeSystem/condition-clinical active}\">Active</span></p><p><b>verificationStatus</b>: <span title=\"Codes:{http://terminology.hl7.org/CodeSystem/condition-ver-status confirmed}\">Confirmed</span></p><p><b>code</b>: <span title=\"Codes:{http://hl7.org/fhir/sid/icd-10-cm Z20.810}\">Contact with and (suspected) exposure to anthrax</span></p><p><b>subject</b>: <a href=\"Patient-patient-1.html\">John Smith  Male, DoB: 2000-01-01</a></p><p><b>onset</b>: 2019-05-20 15:00:00+0000</p></div>"
      },
      "clinicalStatus" : {
        "coding" : [{
          "system" : "http://terminology.hl7.org/CodeSystem/condition-clinical",
          "code" : "active"
        }]
      },
      "verificationStatus" : {
        "coding" : [{
          "system" : "http://terminology.hl7.org/CodeSystem/condition-ver-status",
          "code" : "confirmed"
        }]
      },
      "code" : {
        "coding" : [{
          "system" : "http://hl7.org/fhir/sid/icd-10-cm",
          "code" : "Z20.810",
          "display" : "Contact with and (suspected) exposure to anthrax"
        }],
        "text" : "Contact with and (suspected) exposure to anthrax"
      },
      "subject" : {
        "reference" : "Patient/patient-1"
      },
      "onsetDateTime" : "2019-05-20T15:00:00.000Z"
    }
  },
  {
    "fullUrl" : "http://cqframework.org/cpg-example-anthrax//Observation/observation-20",
    "resource" : {
      "resourceType" : "Observation",
      "id" : "observation-20",
      "text" : {
        "status" : "generated",
        "div" : "<div xmlns=\"http://www.w3.org/1999/xhtml\"><a name=\"Observation_observation-20\"> </a><p class=\"res-header-id\"><b>Generated Narrative: Observation observation-20</b></p><a name=\"observation-20\"> </a><a name=\"hcobservation-20\"> </a><a name=\"observation-20-en-US\"> </a><p><b>status</b>: Final</p><p><b>code</b>: <span title=\"Codes:{http://snomed.info/sct 84387000}\">Asymptomatic (finding)</span></p><p><b>subject</b>: <a href=\"Patient-patient-1.html\">John Smith  Male, DoB: 2000-01-01</a></p><p><b>effective</b>: 2019-05-20 15:00:00+0000</p><p><b>issued</b>: 2018-07-19 00:00:00+0000</p></div>"
      },
      "status" : "final",
      "code" : {
        "coding" : [{
          "system" : "http://snomed.info/sct",
          "code" : "84387000",
          "display" : "Asymptomatic (finding)"
        }],
        "text" : "Asymptomatic (finding)"
      },
      "subject" : {
        "reference" : "Patient/patient-1"
      },
      "effectiveDateTime" : "2019-05-20T15:00:00.000Z",
      "issued" : "2018-07-19T00:00:00.000Z"
    }
  },
  {
    "fullUrl" : "http://cqframework.org/cpg-example-anthrax//Procedure/procedure-3",
    "resource" : {
      "resourceType" : "Procedure",
      "id" : "procedure-3",
      "text" : {
        "status" : "generated",
        "div" : "<div xmlns=\"http://www.w3.org/1999/xhtml\"><a name=\"Procedure_procedure-3\"> </a><p class=\"res-header-id\"><b>Generated Narrative: Procedure procedure-3</b></p><a name=\"procedure-3\"> </a><a name=\"hcprocedure-3\"> </a><a name=\"procedure-3-en-US\"> </a><p><b>status</b>: Completed</p><p><b>code</b>: <span title=\"Codes:{http://snomed.info/sct 170338000}\">First anthrax vaccination</span></p><p><b>subject</b>: <a href=\"Patient-patient-1.html\">John Smith  Male, DoB: 2000-01-01</a></p><p><b>performed</b>: 2019-05-20 15:00:00+0000</p></div>"
      },
      "status" : "completed",
      "code" : {
        "coding" : [{
          "system" : "http://snomed.info/sct",
          "code" : "170338000",
          "display" : "First anthrax vaccination"
        }],
        "text" : "First anthrax vaccination"
      },
      "subject" : {
        "reference" : "Patient/patient-1"
      },
      "performedDateTime" : "2019-05-20T15:00:00.000Z"
    }
  }]
}