{
  "resourceType" : "Bundle",
  "id" : "bundle-2",
  "type" : "collection",
  "entry" : [{
    "fullUrl" : "http://hl7.org/fhir/uv/cpg/anthrax/Patient/patient-1",
    "resource" : {
      "resourceType" : "Patient",
      "id" : "patient-1",
      "text" : {
        "status" : "generated",
        "div" : "<div xmlns=\"http://www.w3.org/1999/xhtml\"><a name=\"Patient_patient-1\"> </a><p class=\"res-header-id\"><b>Generated Narrative: Patient patient-1</b></p><a name=\"patient-1\"> </a><a name=\"hcpatient-1\"> </a><a name=\"patient-1-en-US\"> </a><p style=\"border: 1px #661aff solid; background-color: #e6e6ff; padding: 10px;\">John Smith  Male, DoB: 2000-01-01</p><hr/></div>"
      },
      "name" : [{
        "family" : "Smith",
        "given" : ["John"]
      }],
      "gender" : "male",
      "birthDate" : "2000-01-01"
    }
  }]
}