{
  "resourceType" : "Bundle",
  "id" : "bundle-42",
  "type" : "collection",
  "entry" : [{
    "fullUrl" : "http://cqframework.org/cpg-example-anthrax/Patient/patient-1",
    "resource" : {
      "resourceType" : "Patient",
      "id" : "patient-1",
      "text" : {
        "status" : "generated",
        "div" : "<div xmlns=\"http://www.w3.org/1999/xhtml\"><a name=\"Patient_patient-1\"> </a><p class=\"res-header-id\"><b>Generated Narrative: Patient patient-1</b></p><a name=\"patient-1\"> </a><a name=\"hcpatient-1\"> </a><a name=\"patient-1-en-US\"> </a><p style=\"border: 1px #661aff solid; background-color: #e6e6ff; padding: 10px;\">John Smith  Male, DoB: 2000-01-01</p><hr/></div>"
      },
      "name" : [{
        "family" : "Smith",
        "given" : ["John"]
      }],
      "gender" : "male",
      "birthDate" : "2000-01-01"
    }
  },
  {
    "fullUrl" : "http://cqframework.org/cpg-example-anthrax/Condition/condition-1",
    "resource" : {
      "resourceType" : "Condition",
      "id" : "condition-1",
      "text" : {
        "status" : "generated",
        "div" : "<div xmlns=\"http://www.w3.org/1999/xhtml\"><a name=\"Condition_condition-1\"> </a><p class=\"res-header-id\"><b>Generated Narrative: Condition condition-1</b></p><a name=\"condition-1\"> </a><a name=\"hccondition-1\"> </a><a name=\"condition-1-en-US\"> </a><p><b>clinicalStatus</b>: <span title=\"Codes:{http://terminology.hl7.org/CodeSystem/condition-clinical active}\">Active</span></p><p><b>verificationStatus</b>: <span title=\"Codes:{http://terminology.hl7.org/CodeSystem/condition-ver-status confirmed}\">Confirmed</span></p><p><b>code</b>: <span title=\"Codes:{http://hl7.org/fhir/sid/icd-10-cm Z20.810}\">Contact with and (suspected) exposure to anthrax</span></p><p><b>subject</b>: <a href=\"Patient-patient-1.html\">John Smith  Male, DoB: 2000-01-01</a></p><p><b>onset</b>: 2019-04-22 15:00:00+0000</p></div>"
      },
      "clinicalStatus" : {
        "coding" : [{
          "system" : "http://terminology.hl7.org/CodeSystem/condition-clinical",
          "code" : "active"
        }]
      },
      "verificationStatus" : {
        "coding" : [{
          "system" : "http://terminology.hl7.org/CodeSystem/condition-ver-status",
          "code" : "confirmed"
        }]
      },
      "code" : {
        "coding" : [{
          "system" : "http://hl7.org/fhir/sid/icd-10-cm",
          "code" : "Z20.810",
          "display" : "Contact with and (suspected) exposure to anthrax"
        }],
        "text" : "Contact with and (suspected) exposure to anthrax"
      },
      "subject" : {
        "reference" : "Patient/patient-1"
      },
      "onsetDateTime" : "2019-04-22T15:00:00.000Z"
    }
  },
  {
    "fullUrl" : "http://cqframework.org/cpg-example-anthrax/Observation/observation-1",
    "resource" : {
      "resourceType" : "Observation",
      "id" : "observation-1",
      "text" : {
        "status" : "generated",
        "div" : "<div xmlns=\"http://www.w3.org/1999/xhtml\"><a name=\"Observation_observation-1\"> </a><p class=\"res-header-id\"><b>Generated Narrative: Observation observation-1</b></p><a name=\"observation-1\"> </a><a name=\"hcobservation-1\"> </a><a name=\"observation-1-en-US\"> </a><p><b>status</b>: Final</p><p><b>code</b>: <span title=\"Codes:{http://snomed.info/sct 170475009}\">Exposure to Bacillus anthracis (event)</span></p><p><b>subject</b>: <a href=\"Patient-patient-1.html\">John Smith  Male, DoB: 2000-01-01</a></p><p><b>effective</b>: 2019-04-22 15:00:00+0000</p><p><b>issued</b>: 2018-07-18 00:00:00+0000</p></div>"
      },
      "status" : "final",
      "code" : {
        "coding" : [{
          "system" : "http://snomed.info/sct",
          "code" : "170475009",
          "display" : "Exposure to Bacillus anthracis (event)"
        }],
        "text" : "Exposure to Bacillus anthracis (event)"
      },
      "subject" : {
        "reference" : "Patient/patient-1"
      },
      "effectiveDateTime" : "2019-04-22T15:00:00.000Z",
      "issued" : "2018-07-18T00:00:00.000Z"
    }
  },
  {
    "fullUrl" : "http://cqframework.org/cpg-example-anthrax/Observation/observation-2",
    "resource" : {
      "resourceType" : "Observation",
      "id" : "observation-2",
      "text" : {
        "status" : "generated",
        "div" : "<div xmlns=\"http://www.w3.org/1999/xhtml\"><a name=\"Observation_observation-2\"> </a><p class=\"res-header-id\"><b>Generated Narrative: Observation observation-2</b></p><a name=\"observation-2\"> </a><a name=\"hcobservation-2\"> </a><a name=\"observation-2-en-US\"> </a><p><b>status</b>: Final</p><p><b>code</b>: <span title=\"Codes:{http://snomed.info/sct 84387000}\">Asymptomatic (finding)</span></p><p><b>subject</b>: <a href=\"Patient-patient-1.html\">John Smith  Male, DoB: 2000-01-01</a></p><p><b>effective</b>: 2019-04-22 15:00:00+0000</p><p><b>issued</b>: 2018-07-19 00:00:00+0000</p></div>"
      },
      "status" : "final",
      "code" : {
        "coding" : [{
          "system" : "http://snomed.info/sct",
          "code" : "84387000",
          "display" : "Asymptomatic (finding)"
        }],
        "text" : "Asymptomatic (finding)"
      },
      "subject" : {
        "reference" : "Patient/patient-1"
      },
      "effectiveDateTime" : "2019-04-22T15:00:00.000Z",
      "issued" : "2018-07-19T00:00:00.000Z"
    }
  },
  {
    "fullUrl" : "http://cqframework.org/cpg-example-anthrax/Procedure/procedure-10",
    "resource" : {
      "resourceType" : "Procedure",
      "id" : "procedure-10",
      "text" : {
        "status" : "generated",
        "div" : "<div xmlns=\"http://www.w3.org/1999/xhtml\"><a name=\"Procedure_procedure-10\"> </a><p class=\"res-header-id\"><b>Generated Narrative: Procedure procedure-10</b></p><a name=\"procedure-10\"> </a><a name=\"hcprocedure-10\"> </a><a name=\"procedure-10-en-US\"> </a><p><b>status</b>: Completed</p><p><b>code</b>: <span title=\"Codes:{http://snomed.info/sct 170338000}\">First anthrax vaccination</span></p><p><b>subject</b>: <a href=\"Patient-patient-1.html\">John Smith  Male, DoB: 2000-01-01</a></p><p><b>performed</b>: 2019-04-22 15:00:00+0000</p></div>"
      },
      "status" : "completed",
      "code" : {
        "coding" : [{
          "system" : "http://snomed.info/sct",
          "code" : "170338000",
          "display" : "First anthrax vaccination"
        }],
        "text" : "First anthrax vaccination"
      },
      "subject" : {
        "reference" : "Patient/patient-1"
      },
      "performedDateTime" : "2019-04-22T15:00:00.000Z"
    }
  },
  {
    "fullUrl" : "http://cqframework.org/cpg-example-anthrax/Procedure/procedure-1",
    "resource" : {
      "resourceType" : "Procedure",
      "id" : "procedure-1",
      "text" : {
        "status" : "generated",
        "div" : "<div xmlns=\"http://www.w3.org/1999/xhtml\"><a name=\"Procedure_procedure-1\"> </a><p class=\"res-header-id\"><b>Generated Narrative: Procedure procedure-1</b></p><a name=\"procedure-1\"> </a><a name=\"hcprocedure-1\"> </a><a name=\"procedure-1-en-US\"> </a><p><b>status</b>: Completed</p><p><b>code</b>: <span title=\"Codes:{http://snomed.info/sct 170339008}\">Second anthrax vaccination</span></p><p><b>subject</b>: <a href=\"Patient-patient-1.html\">John Smith  Male, DoB: 2000-01-01</a></p><p><b>performed</b>: 2019-05-06 15:00:00+0000</p></div>"
      },
      "status" : "completed",
      "code" : {
        "coding" : [{
          "system" : "http://snomed.info/sct",
          "code" : "170339008",
          "display" : "Second anthrax vaccination"
        }],
        "text" : "Second anthrax vaccination"
      },
      "subject" : {
        "reference" : "Patient/patient-1"
      },
      "performedDateTime" : "2019-05-06T15:00:00.000Z"
    }
  },
  {
    "fullUrl" : "http://cqframework.org/cpg-example-anthrax/Procedure/procedure-5",
    "resource" : {
      "resourceType" : "Procedure",
      "id" : "procedure-5",
      "text" : {
        "status" : "generated",
        "div" : "<div xmlns=\"http://www.w3.org/1999/xhtml\"><a name=\"Procedure_procedure-5\"> </a><p class=\"res-header-id\"><b>Generated Narrative: Procedure procedure-5</b></p><a name=\"procedure-5\"> </a><a name=\"hcprocedure-5\"> </a><a name=\"procedure-5-en-US\"> </a><p><b>status</b>: Completed</p><p><b>code</b>: <span title=\"Codes:{http://snomed.info/sct 170340005}\">Third anthrax vaccination</span></p><p><b>subject</b>: <a href=\"Patient-patient-1.html\">John Smith  Male, DoB: 2000-01-01</a></p><p><b>performed</b>: 2019-05-20 15:00:00+0000</p></div>"
      },
      "status" : "completed",
      "code" : {
        "coding" : [{
          "system" : "http://snomed.info/sct",
          "code" : "170340005",
          "display" : "Third anthrax vaccination"
        }],
        "text" : "Third anthrax vaccination"
      },
      "subject" : {
        "reference" : "Patient/patient-1"
      },
      "performedDateTime" : "2019-05-20T15:00:00.000Z"
    }
  },
  {
    "fullUrl" : "http://cqframework.org/cpg-example-anthrax/Procedure/procedure-2",
    "resource" : {
      "resourceType" : "Procedure",
      "id" : "procedure-2",
      "text" : {
        "status" : "generated",
        "div" : "<div xmlns=\"http://www.w3.org/1999/xhtml\"><a name=\"Procedure_procedure-2\"> </a><p class=\"res-header-id\"><b>Generated Narrative: Procedure procedure-2</b></p><a name=\"procedure-2\"> </a><a name=\"hcprocedure-2\"> </a><a name=\"procedure-2-en-US\"> </a><p><b>status</b>: Completed</p><p><b>code</b>: <span title=\"Codes:{http://snomed.info/sct 170341009}\">Fourth anthrax vaccination</span></p><p><b>subject</b>: <a href=\"Patient-patient-1.html\">John Smith  Male, DoB: 2000-01-01</a></p><p><b>performed</b>: 2019-06-03 15:00:00+0000</p></div>"
      },
      "status" : "completed",
      "code" : {
        "coding" : [{
          "system" : "http://snomed.info/sct",
          "code" : "170341009",
          "display" : "Fourth anthrax vaccination"
        }],
        "text" : "Fourth anthrax vaccination"
      },
      "subject" : {
        "reference" : "Patient/patient-1"
      },
      "performedDateTime" : "2019-06-03T15:00:00.000Z"
    }
  }]
}