{
  "resourceType" : "Flag",
  "id" : "latex-allergy-flag",
  "text" : {
    "status" : "extensions",
    "div" : "<div xmlns=\"http://www.w3.org/1999/xhtml\"><p class=\"res-header-id\"><b>Generated Narrative: Flag latex-allergy-flag</b></p><a name=\"latex-allergy-flag\"> </a><a name=\"hclatex-allergy-flag\"> </a><a name=\"latex-allergy-flag-en-US\"> </a><p><b>Flag details</b>: <a href=\"AllergyIntolerance-allergy-11.html\">AllergyIntolerance Latex (substance)</a></p><p><b>status</b>: Active</p><p><b>code</b>: <span title=\"Codes:{http://snomed.info/sct 370860007}\">Verification of allergy status (procedure)</span></p><p><b>subject</b>: <a href=\"Patient-patient-1.html\">John Smith  Male, DoB: 2000-01-01</a></p><p><b>author</b>: <a href=\"Device-anthrax-example-device.html\">Device: identifier = Anthrax_Post_Exposure_Prophylaxis_FHIRv400.cql; manufacturer = Centers for Disease Control and Prevention; type = Clinical data collection/management information system application software (physical object); url = http://hl7.org/fhir/uv/cpg/anthrax/Device/anthrax-example-device</a></p></div>"
  },
  "extension" : [{
    "url" : "http://hl7.org/fhir/StructureDefinition/flag-detail",
    "valueReference" : {
      "reference" : "AllergyIntolerance/allergy-11"
    }
  }],
  "status" : "active",
  "code" : {
    "coding" : [{
      "system" : "http://snomed.info/sct",
      "code" : "370860007",
      "display" : "Verification of allergy status (procedure)"
    }]
  },
  "subject" : {
    "reference" : "Patient/patient-1"
  },
  "author" : {
    "reference" : "Device/anthrax-example-device"
  }
}