{
  "resourceType" : "Procedure",
  "id" : "procedure-2",
  "text" : {
    "status" : "generated",
    "div" : "<div xmlns=\"http://www.w3.org/1999/xhtml\"><p class=\"res-header-id\"><b>Generated Narrative: Procedure procedure-2</b></p><a name=\"procedure-2\"> </a><a name=\"hcprocedure-2\"> </a><a name=\"procedure-2-en-US\"> </a><p><b>status</b>: Completed</p><p><b>code</b>: <span title=\"Codes:{http://snomed.info/sct 170341009}\">Fourth anthrax vaccination</span></p><p><b>subject</b>: <a href=\"Patient-patient-1.html\">John Smith  Male, DoB: 2000-01-01</a></p><p><b>performed</b>: 2019-06-03 15:00:00+0000</p></div>"
  },
  "status" : "completed",
  "code" : {
    "coding" : [{
      "system" : "http://snomed.info/sct",
      "code" : "170341009",
      "display" : "Fourth anthrax vaccination"
    }],
    "text" : "Fourth anthrax vaccination"
  },
  "subject" : {
    "reference" : "Patient/patient-1"
  },
  "performedDateTime" : "2019-06-03T15:00:00.000Z"
}